video,key,site,split,track_idx,gt_frames,checked,best_iou,best_conf,hits_iou50,found_iou50,hits_iou30,found_iou30,hits_touch,found_touch,hits_center,found_center
AquaCultureRd_TON_12.03.25_LS,TON__AquaCultureRd_v1_LS,TON,test,0,83,30,0.697,0.556,5,1,16,1,18,1,18,1
AquaCultureRd_TON_12.03.25_LS,TON__AquaCultureRd_v1_LS,TON,test,1,256,63,0.545,0.5,3,1,9,1,10,1,10,1
AquaCultureRd_TON_12.03.25_LS,TON__AquaCultureRd_v1_LS,TON,test,2,146,50,0.434,0.295,0,0,2,1,3,1,2,1
ChipsRd_TON_12.03.25_LS,TON__ChipsRd_v1_LS,TON,test,0,169,60,0.743,0.618,9,1,16,1,27,1,19,1
EMarseilles_MAS_12.22.25_LS_V1,MAS__EMarseilles_v1_LS,MAS,train,0,44,19,0.495,0.619,0,0,15,1,18,1,18,1
EagleCreekDrEtc_SHB_12.11.2025_LS,SHB__EagleCreekDrEtc_v1_LS,SHB,train,0,111,40,0.85,0.957,30,1,32,1,35,1,34,1
EagleCreekDrEtc_SHB_12.11.2025_LS,SHB__EagleCreekDrEtc_v1_LS,SHB,train,1,106,39,0.856,0.959,26,1,28,1,30,1,28,1
EagleCreekDrEtc_SHB_12.11.2025_LS,SHB__EagleCreekDrEtc_v1_LS,SHB,train,2,18,6,0.504,0.552,1,1,4,1,5,1,5,1
EagleCreekDrEtc_SHB_12.11.2025_LS,SHB__EagleCreekDrEtc_v1_LS,SHB,train,3,18,8,0.631,0.762,3,1,4,1,4,1,4,1
EagleCreekDrEtc_SHB_12.11.2025_LS,SHB__EagleCreekDrEtc_v1_LS,SHB,train,4,29,11,0.714,0.834,11,1,11,1,11,1,11,1
EagleCreekDrEtc_SHB_12.11.2025_LS,SHB__EagleCreekDrEtc_v1_LS,SHB,train,5,22,8,0.783,0.592,5,1,5,1,5,1,5,1
EagleCreekDrEtc_SHB_12.11.2025_LS,SHB__EagleCreekDrEtc_v1_LS,SHB,train,6,51,19,0.866,0.905,18,1,18,1,18,1,18,1
EagleCreekDrEtc_SHB_12.11.2025_LS,SHB__EagleCreekDrEtc_v1_LS,SHB,train,7,49,18,0.866,0.905,17,1,18,1,18,1,18,1
EagleCreekDrEtc_SHB_12.11.2025_LS,SHB__EagleCreekDrEtc_v1_LS,SHB,train,8,53,21,0.869,0.917,21,1,21,1,21,1,21,1
EagleCreekDrEtc_SHB_12.11.2025_LS,SHB__EagleCreekDrEtc_v1_LS,SHB,train,9,49,18,0.851,0.939,18,1,18,1,18,1,18,1
EagleCreekDrEtc_SHB_12.11.2025_LS,SHB__EagleCreekDrEtc_v1_LS,SHB,train,10,50,21,0.851,0.939,18,1,20,1,21,1,21,1
EagleCreekDrEtc_SHB_12.11.2025_LS,SHB__EagleCreekDrEtc_v1_LS,SHB,train,11,30,11,0.799,0.874,8,1,9,1,11,1,11,1
EagleCreekDrEtc_SHB_12.11.2025_LS,SHB__EagleCreekDrEtc_v1_LS,SHB,train,12,47,19,0.818,0.686,7,1,8,1,9,1,9,1
EagleCreekDrEtc_SHB_12.11.2025_LS,SHB__EagleCreekDrEtc_v1_LS,SHB,train,13,29,11,0.818,0.686,7,1,8,1,9,1,9,1
EagleCreekDrEtc_SHB_12.11.2025_LS,SHB__EagleCreekDrEtc_v1_LS,SHB,train,14,412,70,0.906,0.874,53,1,61,1,62,1,62,1
EagleCreekDrEtc_SHB_12.11.2025_LS,SHB__EagleCreekDrEtc_v1_LS,SHB,train,15,185,65,0.899,0.882,49,1,55,1,55,1,55,1
EagleCreekDrEtc_SHB_12.11.2025_LS,SHB__EagleCreekDrEtc_v1_LS,SHB,train,16,89,31,0.575,0.787,2,1,6,1,6,1,6,1
EagleCreekDrEtc_SHB_12.11.2025_LS,SHB__EagleCreekDrEtc_v1_LS,SHB,train,17,38,14,0.74,0.665,3,1,5,1,5,1,5,1
EagleCreekDrEtc_SHB_12.11.2025_LS,SHB__EagleCreekDrEtc_v1_LS,SHB,train,18,1,1,0.0,0.0,0,0,0,0,0,0,0,0
EagleCreekDrEtc_SHB_12.11.2025_LS,SHB__EagleCreekDrEtc_v1_LS,SHB,train,19,433,66,0.878,0.736,20,1,28,1,28,1,28,1
EagleCreekDrEtc_SHB_12.11.2025_LS,SHB__EagleCreekDrEtc_v1_LS,SHB,train,20,523,69,0.914,0.736,32,1,41,1,43,1,41,1
EagleCreekDrEtc_SHB_12.11.2025_LS,SHB__EagleCreekDrEtc_v1_LS,SHB,train,21,459,69,0.906,0.738,30,1,38,1,39,1,38,1
EagleCreekDrEtc_SHB_12.11.2025_LS,SHB__EagleCreekDrEtc_v1_LS,SHB,train,22,83,31,0.775,0.643,16,1,25,1,29,1,27,1
EagleCreekDrEtc_SHB_12.11.2025_LS,SHB__EagleCreekDrEtc_v1_LS,SHB,train,23,29,11,0.929,0.839,11,1,11,1,11,1,11,1
EagleCreekDrEtc_SHB_12.11.2025_LS,SHB__EagleCreekDrEtc_v1_LS,SHB,train,24,29,11,0.929,0.839,11,1,11,1,11,1,11,1
EagleCreekDrEtc_SHB_12.11.2025_LS,SHB__EagleCreekDrEtc_v1_LS,SHB,train,25,80,29,0.929,0.839,13,1,17,1,28,1,21,1
EagleCreekDrEtc_SHB_12.11.2025_LS,SHB__EagleCreekDrEtc_v1_LS,SHB,train,26,95,34,0.912,0.802,8,1,12,1,25,1,18,1
EagleCreekDrEtc_SHB_12.11.2025_LS,SHB__EagleCreekDrEtc_v1_LS,SHB,train,27,80,30,0.943,0.98,30,1,30,1,30,1,30,1
EagleCreekDrEtc_SHB_12.11.2025_LS,SHB__EagleCreekDrEtc_v1_LS,SHB,train,28,76,27,0.962,0.983,27,1,27,1,27,1,27,1
EagleCreekDrEtc_SHB_12.11.2025_LS,SHB__EagleCreekDrEtc_v1_LS,SHB,train,29,102,38,0.956,0.963,38,1,38,1,38,1,38,1
EagleCreekDrEtc_SHB_12.11.2025_LS,SHB__EagleCreekDrEtc_v1_LS,SHB,train,30,118,46,0.956,0.963,44,1,45,1,45,1,45,1
EagleCreekDrEtc_SHB_12.11.2025_LS,SHB__EagleCreekDrEtc_v1_LS,SHB,train,31,115,40,0.917,0.897,36,1,38,1,38,1,38,1
EagleCreekDrEtc_SHB_12.11.2025_LS,SHB__EagleCreekDrEtc_v1_LS,SHB,train,32,112,39,0.917,0.897,35,1,37,1,37,1,37,1
EagleCreekDrEtc_SHB_12.11.2025_LS,SHB__EagleCreekDrEtc_v1_LS,SHB,train,33,120,47,0.898,0.975,45,1,47,1,47,1,47,1
EagleCreekDrEtc_SHB_12.11.2025_LS,SHB__EagleCreekDrEtc_v1_LS,SHB,train,34,78,28,0.914,0.982,28,1,28,1,28,1,28,1
EagleCreekDrEtc_SHB_12.11.2025_LS,SHB__EagleCreekDrEtc_v1_LS,SHB,train,35,51,21,0.859,0.956,16,1,16,1,19,1,19,1
EagleCreekDrEtc_SHB_12.11.2025_LS,SHB__EagleCreekDrEtc_v1_LS,SHB,train,36,4,3,0.542,0.424,1,1,1,1,1,1,1,1
EagleCreekDrEtc_SHB_12.11.2025_LS,SHB__EagleCreekDrEtc_v1_LS,SHB,train,37,90,37,0.776,0.814,17,1,21,1,26,1,25,1
EagleCreekDrEtc_SHB_12.11.2025_LS,SHB__EagleCreekDrEtc_v1_LS,SHB,train,38,32,11,0.744,0.78,8,1,9,1,9,1,9,1
EagleCreekDrEtc_SHB_12.11.2025_LS,SHB__EagleCreekDrEtc_v1_LS,SHB,train,39,213,68,0.919,0.891,45,1,51,1,51,1,51,1
EagleCreekDrEtc_SHB_12.11.2025_LS,SHB__EagleCreekDrEtc_v1_LS,SHB,train,40,95,38,0.815,0.709,17,1,25,1,25,1,25,1
EagleCreekDrEtc_SHB_12.11.2025_LS,SHB__EagleCreekDrEtc_v1_LS,SHB,train,41,69,28,0.661,0.646,6,1,7,1,7,1,7,1
EagleCreekDrEtc_SHB_12.11.2025_LS,SHB__EagleCreekDrEtc_v1_LS,SHB,train,42,39,13,0.723,0.731,5,1,5,1,5,1,5,1
EagleCreekDrEtc_SHB_12.11.2025_LS,SHB__EagleCreekDrEtc_v1_LS,SHB,train,43,36,13,0.818,0.396,2,1,6,1,6,1,6,1
FernRidgeRd_TON_12.03.25_LS,TON__FernRidgeRd_v1_LS,TON,train,0,188,65,0.87,0.933,37,1,42,1,46,1,45,1
FernRidgeRd_TON_12.03.25_LS,TON__FernRidgeRd_v1_LS,TON,train,1,158,57,0.73,0.384,3,1,4,1,4,1,4,1
FernRidgeRd_TON_12.03.25_LS,TON__FernRidgeRd_v1_LS,TON,train,2,94,40,0.674,0.823,16,1,26,1,27,1,27,1
FernRidgeRd_TON_12.03.25_LS,TON__FernRidgeRd_v1_LS,TON,train,3,47,18,0.0,0.0,0,0,0,0,0,0,0,0
FernRidgeRd_TON_12.03.25_LS,TON__FernRidgeRd_v1_LS,TON,train,4,99,34,0.0,0.0,0,0,0,0,0,0,0,0
FernRidgeRd_TON_12.03.25_LS,TON__FernRidgeRd_v1_LS,TON,train,5,73,26,0.849,0.926,25,1,26,1,26,1,26,1
FernRidgeRd_TON_12.03.25_LS,TON__FernRidgeRd_v1_LS,TON,train,6,103,38,0.818,0.812,32,1,33,1,33,1,33,1
FernRidgeRd_TON_12.03.25_LS,TON__FernRidgeRd_v1_LS,TON,train,7,404,66,0.899,0.852,28,1,37,1,37,1,37,1
FernRidgeRd_TON_12.03.25_LS,TON__FernRidgeRd_v1_LS,TON,train,8,130,48,0.885,0.805,27,1,34,1,34,1,34,1
FernRidgeRd_TON_12.03.25_LS,TON__FernRidgeRd_v1_LS,TON,train,9,567,67,0.776,0.819,30,1,47,1,54,1,48,1
FernRidgeRd_TON_12.03.25_LS,TON__FernRidgeRd_v1_LS,TON,train,10,82,29,0.442,0.729,0,0,12,1,21,1,21,1
FernRidgeRd_TON_12.03.25_LS,TON__FernRidgeRd_v1_LS,TON,train,11,370,69,0.926,0.935,59,1,60,1,61,1,61,1
FernRidgeRd_TON_12.03.25_LS,TON__FernRidgeRd_v1_LS,TON,train,12,477,67,0.859,0.935,44,1,51,1,51,1,51,1
FernRidgeRd_TON_12.03.25_LS,TON__FernRidgeRd_v1_LS,TON,train,13,147,54,0.806,0.823,26,1,28,1,33,1,33,1
FernRidgeRd_TON_12.03.25_LS,TON__FernRidgeRd_v1_LS,TON,train,14,47,20,0.816,0.854,19,1,20,1,20,1,20,1
FernRidgeRd_TON_12.03.25_LS,TON__FernRidgeRd_v1_LS,TON,train,15,33,11,0.844,0.853,10,1,11,1,11,1,11,1
FernRidgeRd_TON_12.03.25_LS,TON__FernRidgeRd_v1_LS,TON,train,16,24,9,0.844,0.853,8,1,9,1,9,1,9,1
FernRidgeRd_TON_12.03.25_LS,TON__FernRidgeRd_v1_LS,TON,train,17,187,67,0.926,0.949,44,1,53,1,57,1,56,1
GiantCityRd_TON_12.03.25_LS,TON__GiantCityRd_v1_LS,TON,val,0,57,20,0.842,0.859,7,1,13,1,15,1,15,1
GiantCityRd_TON_12.03.25_LS,TON__GiantCityRd_v1_LS,TON,val,1,117,40,0.734,0.859,25,1,32,1,36,1,36,1
GiantCityRd_TON_12.03.25_LS,TON__GiantCityRd_v1_LS,TON,val,2,124,45,0.761,0.877,18,1,28,1,42,1,42,1
GiantCityRd_TON_12.03.25_LS,TON__GiantCityRd_v1_LS,TON,val,3,74,25,0.88,0.799,22,1,22,1,22,1,22,1
GiantCityRd_TON_12.03.25_LS,TON__GiantCityRd_v1_LS,TON,val,4,57,20,0.868,0.799,17,1,17,1,17,1,17,1
GiantCityRd_TON_12.03.25_LS,TON__GiantCityRd_v1_LS,TON,val,5,23,9,0.422,0.712,0,0,3,1,9,1,9,1
GiantCityRd_TON_12.03.25_LS,TON__GiantCityRd_v1_LS,TON,val,6,21,14,0.251,0.495,0,0,0,0,9,1,9,1
GiantCityRd_TON_12.03.25_LS,TON__GiantCityRd_v1_LS,TON,val,7,14,6,0.212,0.443,0,0,0,0,5,1,5,1
GolfDr_SHB_12.11.2025,SHB__GolfDr_v1_LS,SHB,test,0,66,26,0.839,0.967,26,1,26,1,26,1,26,1
GolfDr_SHB_12.11.2025,SHB__GolfDr_v1_LS,SHB,test,1,72,30,0.905,0.967,30,1,30,1,30,1,30,1
GolfDr_SHB_12.11.2025,SHB__GolfDr_v1_LS,SHB,test,2,80,32,0.859,0.964,29,1,32,1,32,1,32,1
GolfDr_SHB_12.11.2025,SHB__GolfDr_v1_LS,SHB,test,3,121,46,0.915,0.983,46,1,46,1,46,1,46,1
GolfDr_SHB_12.11.2025,SHB__GolfDr_v1_LS,SHB,test,4,243,66,0.922,0.983,65,1,65,1,66,1,65,1
GolfDr_SHB_12.11.2025,SHB__GolfDr_v1_LS,SHB,test,5,108,40,0.932,0.964,40,1,40,1,40,1,40,1
GolfDr_SHB_12.11.2025,SHB__GolfDr_v1_LS,SHB,test,6,102,36,0.911,0.975,36,1,36,1,36,1,36,1
GolfDr_SHB_12.11.2025,SHB__GolfDr_v1_LS,SHB,test,7,102,36,0.911,0.975,36,1,36,1,36,1,36,1
GolfDr_SHB_12.11.2025,SHB__GolfDr_v1_LS,SHB,test,8,110,42,0.911,0.975,42,1,42,1,42,1,42,1
GolfDr_SHB_12.11.2025,SHB__GolfDr_v1_LS,SHB,test,9,123,45,0.911,0.975,43,1,44,1,45,1,44,1
GolfDr_SHB_12.11.2025,SHB__GolfDr_v1_LS,SHB,test,10,1013,69,0.881,0.905,54,1,59,1,63,1,62,1
GolfDr_SHB_12.11.2025,SHB__GolfDr_v1_LS,SHB,test,11,978,69,0.888,0.897,48,1,56,1,63,1,62,1
Melvin_SHW_01.18.2026_LS,SHW__Melvin_v1_LS,SHW,test,0,92,37,0.895,0.734,26,1,31,1,31,1,31,1
Melvin_SHW_01.18.2026_LS,SHW__Melvin_v1_LS,SHW,test,1,316,68,0.801,0.835,20,1,26,1,30,1,27,1
Melvin_SHW_01.18.2026_LS,SHW__Melvin_v1_LS,SHW,test,2,13,5,0.431,0.681,0,0,5,1,5,1,5,1
Melvin_SHW_01.18.2026_LS,SHW__Melvin_v1_LS,SHW,test,3,11,4,0.782,0.576,2,1,2,1,2,1,2,1
Melvin_SHW_01.18.2026_LS,SHW__Melvin_v1_LS,SHW,test,4,5,2,0.668,0.39,1,1,1,1,1,1,1,1
N25thBlue_MAS_12.22.25_LS_V2,MAS__N25thBlue_v2_LS,MAS,val,0,35,13,0.655,0.491,4,1,6,1,6,1,6,1
N25thBlue_MAS_12.22.25_LS_V2,MAS__N25thBlue_v2_LS,MAS,val,1,7,4,0.516,0.309,1,1,1,1,1,1,1,1
N25thBlue_MAS_12.22.25_LS_V2,MAS__N25thBlue_v2_LS,MAS,val,2,52,21,0.661,0.681,2,1,18,1,18,1,18,1
N25thRdOrange_MAS_12.22.25_LS_V1,MAS__N25thRdOrange_v1_LS,MAS,train,0,38,13,0.701,0.523,2,1,2,1,2,1,2,1
NIron_SHW_01.18.2026_LS,SHW__NIron_v1_LS,SHW,train,0,56,22,0.837,0.733,18,1,20,1,20,1,20,1
NIron_SHW_01.18.2026_LS,SHW__NIron_v1_LS,SHW,train,1,26,10,0.745,0.799,4,1,8,1,8,1,8,1
NIron_SHW_01.18.2026_LS,SHW__NIron_v1_LS,SHW,train,2,26,10,0.745,0.799,4,1,8,1,8,1,8,1
NIron_SHW_01.18.2026_LS,SHW__NIron_v1_LS,SHW,train,3,26,10,0.745,0.799,4,1,8,1,8,1,8,1
NMarseillesRd_MAS_12.22.25_LS_V1,MAS__NMarseillesRd_v1_LS,MAS,train,0,14,6,0.0,0.0,0,0,0,0,0,0,0,0
NMarseillesRd_MAS_12.22.25_LS_V1,MAS__NMarseillesRd_v1_LS,MAS,train,1,46,18,0.0,0.0,0,0,0,0,0,0,0,0
NMarseillesRd_MAS_12.22.25_LS_V1,MAS__NMarseillesRd_v1_LS,MAS,train,2,34,12,0.683,0.704,10,1,11,1,11,1,11,1
NMarseillesRd_MAS_12.22.25_LS_V1,MAS__NMarseillesRd_v1_LS,MAS,train,3,2,1,0.529,0.539,1,1,1,1,1,1,1,1
NMarseillesRd_MAS_12.22.25_LS_V1,MAS__NMarseillesRd_v1_LS,MAS,train,4,12,4,0.655,0.693,4,1,4,1,4,1,4,1
NMarseillesRd_MAS_12.22.25_LS_V1,MAS__NMarseillesRd_v1_LS,MAS,train,5,43,18,0.772,0.751,10,1,11,1,11,1,11,1
NMarseillesRd_MAS_12.22.25_LS_V1,MAS__NMarseillesRd_v1_LS,MAS,train,6,10,4,0.0,0.0,0,0,0,0,0,0,0,0
NMarseilles_MAS_12.22.25_LS_V2,MAS__NMarseilles_v2_LS,MAS,test,0,37,17,0.716,0.491,3,1,5,1,5,1,5,1
NMarseilles_MAS_12.22.25_LS_V2,MAS__NMarseilles_v2_LS,MAS,test,1,53,21,0.806,0.585,13,1,13,1,13,1,13,1
NMarseilles_MAS_12.22.25_LS_V2,MAS__NMarseilles_v2_LS,MAS,test,2,15,6,0.719,0.488,4,1,4,1,4,1,4,1
NShelbyRd(blue)_SHB_12.11.2025_LS,SHB__NShelbyRdblue_v1_LS,SHB,val,0,36,14,0.792,0.853,10,1,14,1,14,1,14,1
NShelbyRd(blue)_SHB_12.11.2025_LS,SHB__NShelbyRdblue_v1_LS,SHB,val,1,36,14,0.792,0.853,10,1,14,1,14,1,14,1
NShelbyRd(blue)_SHB_12.11.2025_LS,SHB__NShelbyRdblue_v1_LS,SHB,val,2,36,14,0.792,0.853,10,1,14,1,14,1,14,1
NShelbyRd(blue)_SHB_12.11.2025_LS,SHB__NShelbyRdblue_v1_LS,SHB,val,3,39,13,0.736,0.892,12,1,13,1,13,1,13,1
NShelbyRd(blue)_SHB_12.11.2025_LS,SHB__NShelbyRdblue_v1_LS,SHB,val,4,19,8,0.767,0.781,8,1,8,1,8,1,8,1
NShelbyRd(blue)_SHB_12.11.2025_LS,SHB__NShelbyRdblue_v1_LS,SHB,val,5,19,8,0.767,0.781,8,1,8,1,8,1,8,1
NShelbyRd(blue)_SHB_12.11.2025_LS,SHB__NShelbyRdblue_v1_LS,SHB,val,6,36,13,0.792,0.852,12,1,13,1,13,1,13,1
NShelbyRd(blue)_SHB_12.11.2025_LS,SHB__NShelbyRdblue_v1_LS,SHB,val,7,49,20,0.792,0.853,19,1,20,1,20,1,20,1
NShelbyRd(blue)_SHB_12.11.2025_LS,SHB__NShelbyRdblue_v1_LS,SHB,val,8,58,20,0.736,0.892,16,1,20,1,20,1,20,1
NShelbyRd(blue)_SHB_12.11.2025_LS,SHB__NShelbyRdblue_v1_LS,SHB,val,9,100,37,0.821,0.837,29,1,31,1,31,1,31,1
NShelbyRd(blue)_SHB_12.11.2025_LS,SHB__NShelbyRdblue_v1_LS,SHB,val,10,102,39,0.818,0.888,32,1,36,1,36,1,36,1
NShelbyRd(blue)_SHB_12.11.2025_LS,SHB__NShelbyRdblue_v1_LS,SHB,val,11,47,17,0.879,0.845,12,1,17,1,17,1,17,1
NShelbyRd(blue)_SHB_12.11.2025_LS,SHB__NShelbyRdblue_v1_LS,SHB,val,12,51,19,0.879,0.845,14,1,19,1,19,1,19,1
NShelbyRd(blue)_SHB_12.11.2025_LS,SHB__NShelbyRdblue_v1_LS,SHB,val,13,55,21,0.879,0.845,16,1,21,1,21,1,21,1
NShelbyRd(blue)_SHB_12.11.2025_LS,SHB__NShelbyRdblue_v1_LS,SHB,val,14,58,23,0.879,0.845,16,1,23,1,23,1,23,1
NShelbyRd(blue)_SHB_12.11.2025_LS,SHB__NShelbyRdblue_v1_LS,SHB,val,15,78,27,0.867,0.949,27,1,27,1,27,1,27,1
NShelbyRd(blue)_SHB_12.11.2025_LS,SHB__NShelbyRdblue_v1_LS,SHB,val,16,108,42,0.907,0.96,42,1,42,1,42,1,42,1
NShelbyRd(blue)_SHB_12.11.2025_LS,SHB__NShelbyRdblue_v1_LS,SHB,val,17,116,41,0.884,0.923,41,1,41,1,41,1,41,1
NShelbyRd(blue)_SHB_12.11.2025_LS,SHB__NShelbyRdblue_v1_LS,SHB,val,18,116,42,0.884,0.923,42,1,42,1,42,1,42,1
NShelbyRd(blue)_SHB_12.11.2025_LS,SHB__NShelbyRdblue_v1_LS,SHB,val,19,132,51,0.929,0.936,51,1,51,1,51,1,51,1
NShelbyRd(blue)_SHB_12.11.2025_LS,SHB__NShelbyRdblue_v1_LS,SHB,val,20,132,53,0.929,0.936,53,1,53,1,53,1,53,1
NShelbyRd(blue)_SHB_12.11.2025_LS,SHB__NShelbyRdblue_v1_LS,SHB,val,21,116,44,0.929,0.963,44,1,44,1,44,1,44,1
NShelbyRd(blue)_SHB_12.11.2025_LS,SHB__NShelbyRdblue_v1_LS,SHB,val,22,112,40,0.919,0.943,40,1,40,1,40,1,40,1
NShelbyRd(blue)_SHB_12.11.2025_LS,SHB__NShelbyRdblue_v1_LS,SHB,val,23,47,17,0.893,0.947,17,1,17,1,17,1,17,1
NShelbyRd(blue)_SHB_12.11.2025_LS,SHB__NShelbyRdblue_v1_LS,SHB,val,24,172,63,0.929,0.963,63,1,63,1,63,1,63,1
NShelbyRd(blue)_SHB_12.11.2025_LS,SHB__NShelbyRdblue_v1_LS,SHB,val,25,124,45,0.919,0.943,45,1,45,1,45,1,45,1
NShelbyRd(blue)_SHB_12.11.2025_LS,SHB__NShelbyRdblue_v1_LS,SHB,val,26,120,43,0.892,0.936,36,1,43,1,43,1,43,1
NShelbyRd(green)_SHB_12.11.2025,SHB__NShelbyRdgreen_v1_LS,SHB,train,0,40,14,0.773,0.733,5,1,12,1,12,1,12,1
NShelbyRd(green)_SHB_12.11.2025,SHB__NShelbyRdgreen_v1_LS,SHB,train,1,38,13,0.731,0.774,7,1,13,1,13,1,13,1
NShelbyRd(pink)_SHB_12.11.2025_LS,SHB__NShelbyRdpink_v1_LS,SHB,train,0,137,48,0.891,0.837,35,1,35,1,35,1,35,1
NShelbyRd(pink)_SHB_12.11.2025_LS,SHB__NShelbyRdpink_v1_LS,SHB,train,1,117,40,0.893,0.77,24,1,24,1,24,1,24,1
NShelbyRd(pink)_SHB_12.11.2025_LS,SHB__NShelbyRdpink_v1_LS,SHB,train,2,224,66,0.94,0.869,56,1,56,1,56,1,56,1
NShelbyRd(pink)_SHB_12.11.2025_LS,SHB__NShelbyRdpink_v1_LS,SHB,train,3,104,37,0.94,0.869,33,1,33,1,33,1,33,1
NWolfCreek(blue)_SHB_12.11.2025,SHB__NWolfCreekblue_v1_LS,SHB,train,0,47,18,0.746,0.581,6,1,6,1,6,1,6,1
NWolfCreek(blue)_SHB_12.11.2025,SHB__NWolfCreekblue_v1_LS,SHB,train,1,17,8,0.789,0.791,8,1,8,1,8,1,8,1
NWolfCreek(blue)_SHB_12.11.2025,SHB__NWolfCreekblue_v1_LS,SHB,train,2,26,12,0.892,0.84,9,1,11,1,12,1,12,1
NWolfCreek(blue)_SHB_12.11.2025,SHB__NWolfCreekblue_v1_LS,SHB,train,3,28,12,0.752,0.815,5,1,5,1,5,1,5,1
NWolfCreek(blue)_SHB_12.11.2025,SHB__NWolfCreekblue_v1_LS,SHB,train,4,35,14,0.834,0.826,14,1,14,1,14,1,14,1
NWolfCreek(blue)_SHB_12.11.2025,SHB__NWolfCreekblue_v1_LS,SHB,train,5,13,6,0.408,0.505,0,0,4,1,6,1,5,1
NWolfCreek(blue)_SHB_12.11.2025,SHB__NWolfCreekblue_v1_LS,SHB,train,6,61,27,0.91,0.838,18,1,22,1,25,1,25,1
NWolfCreek(blue)_SHB_12.11.2025,SHB__NWolfCreekblue_v1_LS,SHB,train,7,55,22,0.56,0.784,1,1,1,1,5,1,5,1
NWolfCreek(blue)_SHB_12.11.2025,SHB__NWolfCreekblue_v1_LS,SHB,train,8,220,66,0.866,0.92,47,1,54,1,56,1,56,1
NWolfCreek(blue)_SHB_12.11.2025,SHB__NWolfCreekblue_v1_LS,SHB,train,9,138,51,0.866,0.916,34,1,42,1,44,1,44,1
NWolfCreek(blue)_SHB_12.11.2025,SHB__NWolfCreekblue_v1_LS,SHB,train,10,90,33,0.886,0.893,26,1,30,1,31,1,31,1
NWolfCreek(blue)_SHB_12.11.2025,SHB__NWolfCreekblue_v1_LS,SHB,train,11,223,65,0.832,0.895,28,1,43,1,46,1,45,1
NWolfCreek(blue)_SHB_12.11.2025,SHB__NWolfCreekblue_v1_LS,SHB,train,12,59,22,0.8,0.68,11,1,13,1,14,1,14,1
NWolfCreek(blue)_SHB_12.11.2025,SHB__NWolfCreekblue_v1_LS,SHB,train,13,597,68,0.911,0.944,43,1,45,1,48,1,46,1
NWolfCreek(blue)_SHB_12.11.2025,SHB__NWolfCreekblue_v1_LS,SHB,train,14,357,68,0.911,0.948,54,1,59,1,62,1,60,1
NWolfCreek(blue)_SHB_12.11.2025,SHB__NWolfCreekblue_v1_LS,SHB,train,15,25,9,0.737,0.866,8,1,9,1,9,1,9,1
NWolfCreek(blue)_SHB_12.11.2025,SHB__NWolfCreekblue_v1_LS,SHB,train,16,31,14,0.851,0.83,14,1,14,1,14,1,14,1
NWolfCreek(blue)_SHB_12.11.2025,SHB__NWolfCreekblue_v1_LS,SHB,train,17,31,14,0.851,0.83,14,1,14,1,14,1,14,1
NWolfCreek(blue)_SHB_12.11.2025,SHB__NWolfCreekblue_v1_LS,SHB,train,18,27,9,0.833,0.869,9,1,9,1,9,1,9,1
NWolfCreek(blue)_SHB_12.11.2025,SHB__NWolfCreekblue_v1_LS,SHB,train,19,16,6,0.52,0.749,2,1,6,1,6,1,6,1
NWolfCreek(blue)_SHB_12.11.2025,SHB__NWolfCreekblue_v1_LS,SHB,train,20,16,7,0.52,0.749,2,1,7,1,7,1,7,1
NWolfCreek(blue)_SHB_12.11.2025,SHB__NWolfCreekblue_v1_LS,SHB,train,21,16,7,0.52,0.749,2,1,7,1,7,1,7,1
NWolfCreek(blue)_SHB_12.11.2025,SHB__NWolfCreekblue_v1_LS,SHB,train,22,10,5,0.52,0.749,1,1,5,1,5,1,5,1
NWolfCreek(blue)_SHB_12.11.2025,SHB__NWolfCreekblue_v1_LS,SHB,train,23,5,2,0.514,0.679,1,1,2,1,2,1,2,1
NWolfCreek(blue)_SHB_12.11.2025,SHB__NWolfCreekblue_v1_LS,SHB,train,24,5,2,0.514,0.679,1,1,2,1,2,1,2,1
NWolfCreek(blue)_SHB_12.11.2025,SHB__NWolfCreekblue_v1_LS,SHB,train,25,46,17,0.808,0.649,9,1,9,1,9,1,9,1
NWolfCreek(blue)_SHB_12.11.2025,SHB__NWolfCreekblue_v1_LS,SHB,train,26,10,4,0.71,0.371,1,1,1,1,1,1,1,1
NWolfCreek(blue)_SHB_12.11.2025,SHB__NWolfCreekblue_v1_LS,SHB,train,27,21,7,0.467,0.662,0,0,1,1,2,1,2,1
NWolfCreek(blue)_SHB_12.11.2025,SHB__NWolfCreekblue_v1_LS,SHB,train,28,21,7,0.467,0.662,0,0,1,1,2,1,2,1
NWolfCreek(blue)_SHB_12.11.2025,SHB__NWolfCreekblue_v1_LS,SHB,train,29,53,19,0.738,0.666,11,1,11,1,11,1,11,1
NWolfCreek(orange)_SHB_12.11.2025_LS,SHB__NWolfCreekorange_v1_LS,SHB,test,0,51,17,0.712,0.68,12,1,16,1,16,1,16,1
NWolfCreek(orange)_SHB_12.11.2025_LS,SHB__NWolfCreekorange_v1_LS,SHB,test,1,50,19,0.732,0.671,8,1,8,1,8,1,8,1
NWolfCreek(orange)_SHB_12.11.2025_LS,SHB__NWolfCreekorange_v1_LS,SHB,test,2,25,11,0.774,0.631,10,1,11,1,11,1,11,1
NWolfCreek(orange)_SHB_12.11.2025_LS,SHB__NWolfCreekorange_v1_LS,SHB,test,3,73,31,0.874,0.826,23,1,28,1,28,1,28,1
NWolfCreek(orange)_SHB_12.11.2025_LS,SHB__NWolfCreekorange_v1_LS,SHB,test,4,69,31,0.855,0.833,28,1,30,1,31,1,31,1
NWolfCreek(orange)_SHB_12.11.2025_LS,SHB__NWolfCreekorange_v1_LS,SHB,test,5,59,27,0.846,0.819,26,1,27,1,27,1,27,1
NWolfCreek(orange)_SHB_12.11.2025_LS,SHB__NWolfCreekorange_v1_LS,SHB,test,6,3,1,0.537,0.757,1,1,1,1,1,1,1,1
NWolfCreek(orange)_SHB_12.11.2025_LS,SHB__NWolfCreekorange_v1_LS,SHB,test,7,45,16,0.85,0.698,13,1,14,1,14,1,14,1
NWolfCreek(orange)_SHB_12.11.2025_LS,SHB__NWolfCreekorange_v1_LS,SHB,test,8,126,45,0.867,0.716,38,1,42,1,43,1,43,1
NatureTrail_TON_12.03.25_LS,TON__NatureTrail_v1_LS,TON,train,0,100,37,0.871,0.827,22,1,26,1,29,1,27,1
NatureTrail_TON_12.03.25_LS,TON__NatureTrail_v1_LS,TON,train,1,112,42,0.83,0.86,25,1,31,1,35,1,32,1
NatureTrail_TON_12.03.25_LS,TON__NatureTrail_v1_LS,TON,train,2,90,34,0.857,0.754,18,1,23,1,28,1,24,1
NatureTrail_TON_12.03.25_LS,TON__NatureTrail_v1_LS,TON,train,3,26,12,0.918,0.961,8,1,9,1,10,1,10,1
NatureTrail_TON_12.03.25_LS,TON__NatureTrail_v1_LS,TON,train,4,14,5,0.653,0.614,3,1,5,1,5,1,5,1
NatureTrail_TON_12.03.25_LS,TON__NatureTrail_v1_LS,TON,train,5,15,5,0.603,0.343,1,1,1,1,1,1,1,1
NatureTrail_TON_12.03.25_LS,TON__NatureTrail_v1_LS,TON,train,6,20,7,0.575,0.614,1,1,1,1,2,1,2,1
NatureTrail_TON_12.03.25_LS,TON__NatureTrail_v1_LS,TON,train,7,3,1,0.575,0.614,1,1,1,1,1,1,1,1
NatureTrail_TON_12.03.25_LS,TON__NatureTrail_v1_LS,TON,train,8,61,21,0.828,0.715,5,1,11,1,12,1,12,1
NatureTrail_TON_12.03.25_LS,TON__NatureTrail_v1_LS,TON,train,9,110,40,0.707,0.51,7,1,10,1,10,1,10,1
NatureTrail_TON_12.03.25_LS,TON__NatureTrail_v1_LS,TON,train,10,8,4,0.0,0.0,0,0,0,0,0,0,0,0
NatureTrail_TON_12.03.25_LS,TON__NatureTrail_v1_LS,TON,train,11,337,66,0.823,0.545,7,1,8,1,8,1,8,1
NatureTrail_TON_12.03.25_LS,TON__NatureTrail_v1_LS,TON,train,12,23,9,0.399,0.335,0,0,1,1,1,1,1,1
NatureTrail_TON_12.03.25_LS,TON__NatureTrail_v1_LS,TON,train,13,29,12,0.814,0.605,7,1,7,1,7,1,7,1
NatureTrail_TON_12.03.25_LS,TON__NatureTrail_v1_LS,TON,train,14,14,5,0.825,0.604,4,1,4,1,4,1,4,1
OikosRd_TON_12.03.25_LS,TON__OikosRd_v1_LS,TON,test,0,60,22,0.862,0.856,10,1,15,1,17,1,16,1
OikosRd_TON_12.03.25_LS,TON__OikosRd_v1_LS,TON,test,1,60,22,0.862,0.856,10,1,15,1,17,1,16,1
Robinson_SHW_01.18.2026_LS,SHW__Robinson_v1_LS,SHW,val,0,70,25,0.777,0.674,8,1,12,1,15,1,12,1
Robinson_SHW_01.18.2026_LS,SHW__Robinson_v1_LS,SHW,val,1,111,42,0.866,0.891,15,1,26,1,34,1,30,1
Robinson_SHW_01.18.2026_LS,SHW__Robinson_v1_LS,SHW,val,2,62,26,0.854,0.967,23,1,26,1,26,1,26,1
Robinson_SHW_01.18.2026_LS,SHW__Robinson_v1_LS,SHW,val,3,178,65,0.862,0.978,65,1,65,1,65,1,65,1
Robinson_SHW_01.18.2026_LS,SHW__Robinson_v1_LS,SHW,val,4,34,18,0.838,0.973,18,1,18,1,18,1,18,1
Robinson_SHW_01.18.2026_LS,SHW__Robinson_v1_LS,SHW,val,5,48,23,0.809,0.972,23,1,23,1,23,1,23,1
Robinson_SHW_01.18.2026_LS,SHW__Robinson_v1_LS,SHW,val,6,71,27,0.794,0.972,21,1,25,1,25,1,25,1
SBassett_SHW_01.18.2026_LS,SHW__SBassett_v1_LS,SHW,train,0,69,26,0.894,0.805,26,1,26,1,26,1,26,1
SBassett_SHW_01.18.2026_LS,SHW__SBassett_v1_LS,SHW,train,1,56,23,0.929,0.818,23,1,23,1,23,1,23,1
SBassett_SHW_01.18.2026_LS,SHW__SBassett_v1_LS,SHW,train,2,56,23,0.929,0.818,23,1,23,1,23,1,23,1
SBassett_SHW_01.18.2026_LS,SHW__SBassett_v1_LS,SHW,train,3,56,23,0.929,0.818,23,1,23,1,23,1,23,1
SBassett_SHW_01.18.2026_LS,SHW__SBassett_v1_LS,SHW,train,4,12,4,0.874,0.698,4,1,4,1,4,1,4,1
SBassett_SHW_01.18.2026_LS,SHW__SBassett_v1_LS,SHW,train,5,12,4,0.874,0.698,4,1,4,1,4,1,4,1
SBassett_SHW_01.18.2026_LS,SHW__SBassett_v1_LS,SHW,train,6,41,16,0.865,0.959,15,1,16,1,16,1,16,1
SBassett_SHW_01.18.2026_LS,SHW__SBassett_v1_LS,SHW,train,7,51,21,0.865,0.959,18,1,20,1,20,1,20,1
SBassett_SHW_01.18.2026_LS,SHW__SBassett_v1_LS,SHW,train,8,51,21,0.865,0.959,18,1,20,1,20,1,20,1
SBassett_SHW_01.18.2026_LS,SHW__SBassett_v1_LS,SHW,train,9,68,28,0.833,0.959,23,1,23,1,23,1,23,1
SBassett_SHW_01.18.2026_LS,SHW__SBassett_v1_LS,SHW,train,10,74,27,0.76,0.785,10,1,11,1,11,1,11,1
SHog_SHW_01.18.2026_LS,SHW__SHog_v1_LS,SHW,train,0,28,11,0.878,0.792,9,1,10,1,10,1,10,1
SHog_SHW_01.18.2026_LS,SHW__SHog_v1_LS,SHW,train,1,45,19,0.833,0.824,13,1,15,1,16,1,15,1
SHog_SHW_01.18.2026_LS,SHW__SHog_v1_LS,SHW,train,2,3,1,0.624,0.792,1,1,1,1,1,1,1,1
SHog_SHW_01.18.2026_LS,SHW__SHog_v1_LS,SHW,train,3,60,21,0.89,0.917,21,1,21,1,21,1,21,1
SHog_SHW_01.18.2026_LS,SHW__SHog_v1_LS,SHW,train,4,60,21,0.89,0.917,21,1,21,1,21,1,21,1
SHog_SHW_01.18.2026_LS,SHW__SHog_v1_LS,SHW,train,5,50,18,0.824,0.803,12,1,14,1,14,1,14,1
SHog_SHW_01.18.2026_LS,SHW__SHog_v1_LS,SHW,train,6,38,17,0.842,0.871,15,1,15,1,16,1,16,1
SHog_SHW_01.18.2026_LS,SHW__SHog_v1_LS,SHW,train,7,16,6,0.635,0.557,3,1,4,1,4,1,4,1
SHog_SHW_01.18.2026_LS,SHW__SHog_v1_LS,SHW,train,8,16,6,0.635,0.557,3,1,4,1,4,1,4,1
SIron_SHW_01.18.2026_LS,SHW__SIron_v1_LS,SHW,test,0,47,18,0.673,0.761,4,1,5,1,5,1,5,1
TouchofNatureRd_TON_12.03.25_LS,TON__TouchofNatureRd_v1_LS,TON,test,0,78,28,0.853,0.724,11,1,16,1,19,1,18,1
TouchofNatureRd_TON_12.03.25_LS,TON__TouchofNatureRd_v1_LS,TON,test,1,62,21,0.322,0.286,0,0,1,1,1,1,1,1
Upper40_TON_12.03.25_LS,TON__Upper40_v1_LS,TON,train,0,38,13,0.7,0.733,3,1,6,1,13,1,7,1
WhoopieCatDam_SHW_01.18.2026_LS,SHW__WhoopieCatDam_v1_LS,SHW,train,0,143,51,0.752,0.922,24,1,34,1,36,1,36,1
WolfCreekRd_SHB_12.11.2025_LS,SHB__WolfCreekRd_v1_LS,SHB,train,0,54,22,0.821,0.872,14,1,16,1,16,1,16,1
WolfCreekRd_SHB_12.11.2025_LS,SHB__WolfCreekRd_v1_LS,SHB,train,1,32,11,0.821,0.899,8,1,9,1,10,1,10,1
WolfCreekRd_SHB_12.11.2025_LS,SHB__WolfCreekRd_v1_LS,SHB,train,2,25,10,0.849,0.866,10,1,10,1,10,1,10,1
WolfCreekRd_SHB_12.11.2025_LS,SHB__WolfCreekRd_v1_LS,SHB,train,3,25,10,0.849,0.866,10,1,10,1,10,1,10,1
