video,site,track_id,label,kind,n_frames,span_s,mean_conf,topk_conf,mean_box_px,first_frame,last_frame,gt_overlap_frames
AquaCultureRd_TON_12.03.25_LS,TON,24,0,false,17,0.43,0.3449,0.4598,430.7,2979,3004,0
AquaCultureRd_TON_12.03.25_LS,TON,53,0,false,10,0.17,0.5453,0.5983,848.8,6679,6688,0
AquaCultureRd_TON_12.03.25_LS,TON,62,0,false,16,0.28,0.2528,0.3952,2951.6,9631,9647,0
ChipsRd_TON_12.03.25_LS,TON,2,0,false,3,0.05,0.3367,0.3367,1351.8,464,466,0
ChipsRd_TON_12.03.25_LS,TON,4,0,false,5,0.08,0.4203,0.4203,886.2,490,494,0
ChipsRd_TON_12.03.25_LS,TON,17,0,duplicate,6,0.15,0.5063,0.5612,1259.1,1100,1108,6
ChipsRd_TON_12.03.25_LS,TON,20,0,duplicate,5,0.08,0.4793,0.4793,1067.1,1186,1190,5
ChipsRd_TON_12.03.25_LS,TON,22,1,primary,20,0.33,0.4628,0.6682,1457.6,1239,1258,20
ChipsRd_TON_12.03.25_LS,TON,49,0,false,3,0.05,0.3,0.3,614.1,8040,8042,0
ChipsRd_TON_12.03.25_LS,TON,57,0,false,24,0.42,0.3416,0.4982,801.0,8582,8606,0
ChipsRd_TON_12.03.25_LS,TON,59,0,false,6,0.12,0.3189,0.35,1185.5,8668,8674,0
EMarseilles_MAS_12.22.25_LS_V1,MAS,26,0,false,3,0.08,0.5958,0.5958,2374.8,16448,16452,0
EMarseilles_MAS_12.22.25_LS_V1,MAS,41,1,primary,50,0.83,0.7802,0.8449,8396.7,17460,17509,44
EMarseilles_MAS_12.22.25_LS_V1,MAS,42,0,false,5,0.23,0.5541,0.5541,1811.8,17630,17643,0
EagleCreekDrEtc_SHB_12.11.2025_LS,SHB,69,1,primary,125,2.1,0.66,0.7741,1176.6,1117,1242,110
EagleCreekDrEtc_SHB_12.11.2025_LS,SHB,74,0,duplicate,3,0.05,0.3702,0.3702,460.2,1178,1180,3
EagleCreekDrEtc_SHB_12.11.2025_LS,SHB,76,1,primary,54,1.22,0.4722,0.6549,457.2,1191,1263,54
EagleCreekDrEtc_SHB_12.11.2025_LS,SHB,91,1,primary,6,0.1,0.4443,0.4523,453.5,1655,1660,6
EagleCreekDrEtc_SHB_12.11.2025_LS,SHB,120,1,primary,20,0.33,0.7027,0.7219,879.4,2423,2442,20
EagleCreekDrEtc_SHB_12.11.2025_LS,SHB,121,0,duplicate,4,0.07,0.6892,0.6892,694.0,2444,2447,2
EagleCreekDrEtc_SHB_12.11.2025_LS,SHB,124,1,primary,8,0.15,0.4784,0.571,467.3,5163,5171,8
EagleCreekDrEtc_SHB_12.11.2025_LS,SHB,145,1,primary,52,0.92,0.7436,0.7826,1343.0,8452,8506,48
EagleCreekDrEtc_SHB_12.11.2025_LS,SHB,147,1,primary,51,0.85,0.7449,0.8498,2545.3,8489,8539,49
EagleCreekDrEtc_SHB_12.11.2025_LS,SHB,148,1,primary,55,0.93,0.7231,0.7903,2567.9,8499,8554,51
EagleCreekDrEtc_SHB_12.11.2025_LS,SHB,149,1,primary,51,0.85,0.7745,0.8315,2515.9,8514,8564,49
EagleCreekDrEtc_SHB_12.11.2025_LS,SHB,150,1,primary,52,0.87,0.7396,0.8166,3943.0,8522,8573,50
EagleCreekDrEtc_SHB_12.11.2025_LS,SHB,151,1,primary,32,0.53,0.7338,0.8136,3324.7,8542,8573,30
EagleCreekDrEtc_SHB_12.11.2025_LS,SHB,160,1,primary,48,0.95,0.5695,0.744,1209.5,9330,9386,36
EagleCreekDrEtc_SHB_12.11.2025_LS,SHB,161,1,primary,17,0.33,0.5546,0.7147,851.8,9345,9364,14
EagleCreekDrEtc_SHB_12.11.2025_LS,SHB,164,0,duplicate,5,0.25,0.4174,0.4174,1237.8,9376,9390,3
EagleCreekDrEtc_SHB_12.11.2025_LS,SHB,176,0,duplicate,46,0.77,0.7386,0.7739,674.5,9404,9449,46
EagleCreekDrEtc_SHB_12.11.2025_LS,SHB,179,1,primary,331,6.07,0.6017,0.7745,755.2,9452,9815,330
EagleCreekDrEtc_SHB_12.11.2025_LS,SHB,185,0,false,3,0.05,0.5974,0.5974,826.6,9664,9666,0
EagleCreekDrEtc_SHB_12.11.2025_LS,SHB,186,1,primary,180,3.13,0.6889,0.7835,983.0,9676,9863,177
EagleCreekDrEtc_SHB_12.11.2025_LS,SHB,193,1,primary,95,1.8,0.6656,0.76,1561.7,9869,9976,83
EagleCreekDrEtc_SHB_12.11.2025_LS,SHB,201,0,false,5,0.17,0.2961,0.2961,1606.6,9973,9982,0
EagleCreekDrEtc_SHB_12.11.2025_LS,SHB,207,0,false,11,0.18,0.5389,0.5963,1460.9,10042,10052,0
EagleCreekDrEtc_SHB_12.11.2025_LS,SHB,208,0,duplicate,4,0.07,0.3354,0.3354,553.3,10294,10297,4
EagleCreekDrEtc_SHB_12.11.2025_LS,SHB,213,1,primary,7,0.12,0.3637,0.4019,626.6,10324,10330,7
EagleCreekDrEtc_SHB_12.11.2025_LS,SHB,222,0,false,4,0.07,0.5426,0.5426,843.1,11816,11819,0
EagleCreekDrEtc_SHB_12.11.2025_LS,SHB,227,0,false,13,0.22,0.3586,0.5821,951.0,12214,12226,0
EagleCreekDrEtc_SHB_12.11.2025_LS,SHB,235,0,duplicate,19,0.38,0.5062,0.6754,846.2,12252,12274,6
EagleCreekDrEtc_SHB_12.11.2025_LS,SHB,243,0,duplicate,15,0.25,0.5577,0.6794,858.3,12326,12340,15
EagleCreekDrEtc_SHB_12.11.2025_LS,SHB,245,0,duplicate,14,0.23,0.4401,0.5232,922.8,12343,12356,14
EagleCreekDrEtc_SHB_12.11.2025_LS,SHB,248,0,duplicate,13,0.42,0.4031,0.4776,964.4,12346,12370,10
EagleCreekDrEtc_SHB_12.11.2025_LS,SHB,251,0,false,13,0.32,0.2932,0.3756,920.5,12361,12379,0
EagleCreekDrEtc_SHB_12.11.2025_LS,SHB,254,0,duplicate,3,0.05,0.406,0.406,842.1,12374,12376,3
EagleCreekDrEtc_SHB_12.11.2025_LS,SHB,256,0,duplicate,25,0.67,0.5115,0.6727,856.6,12385,12424,25
EagleCreekDrEtc_SHB_12.11.2025_LS,SHB,259,0,duplicate,4,0.07,0.4447,0.4447,1023.9,12389,12392,4
EagleCreekDrEtc_SHB_12.11.2025_LS,SHB,265,1,primary,146,3.27,0.5604,0.7441,934.9,12407,12602,146
EagleCreekDrEtc_SHB_12.11.2025_LS,SHB,266,0,false,9,0.15,0.4069,0.5176,984.1,12411,12419,0
EagleCreekDrEtc_SHB_12.11.2025_LS,SHB,274,1,primary,155,3.43,0.5457,0.7589,826.7,12453,12658,155
EagleCreekDrEtc_SHB_12.11.2025_LS,SHB,275,0,false,3,0.05,0.521,0.521,902.6,12461,12463,0
EagleCreekDrEtc_SHB_12.11.2025_LS,SHB,284,0,false,6,0.1,0.4453,0.4667,809.0,12499,12504,0
EagleCreekDrEtc_SHB_12.11.2025_LS,SHB,291,0,duplicate,94,1.9,0.5411,0.7688,775.6,12512,12625,76
EagleCreekDrEtc_SHB_12.11.2025_LS,SHB,304,0,duplicate,7,0.15,0.5089,0.5589,906.8,12604,12612,7
EagleCreekDrEtc_SHB_12.11.2025_LS,SHB,310,0,duplicate,3,0.07,0.4104,0.4104,878.2,12627,12630,3
EagleCreekDrEtc_SHB_12.11.2025_LS,SHB,311,0,duplicate,20,0.43,0.3921,0.6136,908.5,12632,12657,20
EagleCreekDrEtc_SHB_12.11.2025_LS,SHB,313,0,duplicate,4,0.07,0.5219,0.5219,856.3,12644,12647,4
EagleCreekDrEtc_SHB_12.11.2025_LS,SHB,314,0,false,4,0.07,0.2256,0.2256,763.8,12647,12650,0
EagleCreekDrEtc_SHB_12.11.2025_LS,SHB,320,1,primary,150,3.03,0.6239,0.7527,736.2,12664,12845,150
EagleCreekDrEtc_SHB_12.11.2025_LS,SHB,321,0,duplicate,70,1.58,0.534,0.7212,892.7,12665,12759,70
EagleCreekDrEtc_SHB_12.11.2025_LS,SHB,330,0,duplicate,4,0.22,0.2887,0.2887,801.6,12698,12710,4
EagleCreekDrEtc_SHB_12.11.2025_LS,SHB,333,0,duplicate,88,1.72,0.5836,0.7647,834.2,12754,12856,88
EagleCreekDrEtc_SHB_12.11.2025_LS,SHB,342,0,duplicate,18,0.35,0.4694,0.6209,848.2,12857,12877,16
EagleCreekDrEtc_SHB_12.11.2025_LS,SHB,343,0,duplicate,81,2.18,0.5154,0.7207,673.4,12860,12990,81
EagleCreekDrEtc_SHB_12.11.2025_LS,SHB,346,0,false,4,0.07,0.4371,0.4371,472.5,12896,12899,0
EagleCreekDrEtc_SHB_12.11.2025_LS,SHB,352,0,false,40,0.83,0.4229,0.5651,688.5,13065,13114,0
EagleCreekDrEtc_SHB_12.11.2025_LS,SHB,357,0,duplicate,45,0.75,0.4809,0.7411,575.9,13198,13242,33
EagleCreekDrEtc_SHB_12.11.2025_LS,SHB,358,0,false,5,0.1,0.3102,0.3102,502.8,13214,13219,0
EagleCreekDrEtc_SHB_12.11.2025_LS,SHB,361,1,primary,40,0.78,0.4287,0.585,564.0,13241,13287,37
EagleCreekDrEtc_SHB_12.11.2025_LS,SHB,362,0,false,3,0.05,0.3383,0.3383,891.4,13502,13504,0
EagleCreekDrEtc_SHB_12.11.2025_LS,SHB,375,1,primary,130,2.22,0.6642,0.7617,488.8,13953,14085,80
EagleCreekDrEtc_SHB_12.11.2025_LS,SHB,377,0,false,16,0.27,0.6633,0.715,377.1,13955,13970,0
EagleCreekDrEtc_SHB_12.11.2025_LS,SHB,382,0,false,3,0.05,0.26,0.26,409.7,13982,13984,0
EagleCreekDrEtc_SHB_12.11.2025_LS,SHB,391,1,primary,15,0.25,0.5616,0.6857,425.4,13992,14006,15
EagleCreekDrEtc_SHB_12.11.2025_LS,SHB,394,1,primary,7,0.12,0.3784,0.3925,349.5,13997,14003,7
EagleCreekDrEtc_SHB_12.11.2025_LS,SHB,395,0,duplicate,13,0.22,0.3643,0.4199,327.9,14004,14016,9
EagleCreekDrEtc_SHB_12.11.2025_LS,SHB,400,0,duplicate,3,0.05,0.4268,0.4268,397.6,14009,14011,3
EagleCreekDrEtc_SHB_12.11.2025_LS,SHB,403,0,duplicate,7,0.12,0.4378,0.4549,439.1,14015,14021,6
EagleCreekDrEtc_SHB_12.11.2025_LS,SHB,408,1,primary,28,0.47,0.3848,0.4704,304.7,14025,14052,28
EagleCreekDrEtc_SHB_12.11.2025_LS,SHB,414,0,false,10,0.17,0.6361,0.7007,767.7,14386,14395,0
EagleCreekDrEtc_SHB_12.11.2025_LS,SHB,420,0,false,43,0.97,0.5091,0.7308,602.4,14405,14462,0
EagleCreekDrEtc_SHB_12.11.2025_LS,SHB,428,1,primary,85,1.42,0.7943,0.8265,1838.4,15154,15238,79
EagleCreekDrEtc_SHB_12.11.2025_LS,SHB,430,1,primary,89,1.48,0.8155,0.8799,3715.2,15188,15276,76
EagleCreekDrEtc_SHB_12.11.2025_LS,SHB,432,1,primary,107,1.78,0.7886,0.8466,1680.3,15279,15385,102
EagleCreekDrEtc_SHB_12.11.2025_LS,SHB,434,1,primary,123,2.07,0.781,0.8192,1580.9,15316,15439,117
EagleCreekDrEtc_SHB_12.11.2025_LS,SHB,439,0,duplicate,27,0.45,0.6175,0.7536,672.6,15581,15607,25
EagleCreekDrEtc_SHB_12.11.2025_LS,SHB,440,0,duplicate,13,0.25,0.5533,0.6238,323.2,15582,15596,13
EagleCreekDrEtc_SHB_12.11.2025_LS,SHB,445,1,primary,94,1.6,0.7105,0.7705,627.5,15602,15697,91
EagleCreekDrEtc_SHB_12.11.2025_LS,SHB,446,0,duplicate,10,0.17,0.4611,0.5462,474.9,15607,15616,10
EagleCreekDrEtc_SHB_12.11.2025_LS,SHB,449,0,duplicate,15,1.45,0.527,0.6613,443.1,15618,15704,9
EagleCreekDrEtc_SHB_12.11.2025_LS,SHB,450,0,duplicate,37,0.62,0.5415,0.6342,295.1,15622,15658,37
EagleCreekDrEtc_SHB_12.11.2025_LS,SHB,453,0,duplicate,24,0.45,0.4864,0.573,324.4,15670,15696,22
EagleCreekDrEtc_SHB_12.11.2025_LS,SHB,456,0,false,4,0.07,0.3854,0.3854,1034.3,15785,15788,0
EagleCreekDrEtc_SHB_12.11.2025_LS,SHB,470,0,false,11,0.2,0.5591,0.6531,841.1,16852,16863,0
EagleCreekDrEtc_SHB_12.11.2025_LS,SHB,473,0,false,3,0.05,0.361,0.361,492.0,16904,16906,0
EagleCreekDrEtc_SHB_12.11.2025_LS,SHB,486,0,false,13,0.22,0.4596,0.595,527.0,16917,16929,0
EagleCreekDrEtc_SHB_12.11.2025_LS,SHB,487,0,false,4,0.07,0.428,0.428,513.9,16918,16921,0
EagleCreekDrEtc_SHB_12.11.2025_LS,SHB,491,0,false,10,0.17,0.4756,0.538,437.9,16934,16943,0
EagleCreekDrEtc_SHB_12.11.2025_LS,SHB,492,0,false,10,0.17,0.3164,0.3796,428.3,16938,16947,0
EagleCreekDrEtc_SHB_12.11.2025_LS,SHB,498,0,false,4,0.07,0.386,0.386,391.6,16956,16959,0
EagleCreekDrEtc_SHB_12.11.2025_LS,SHB,499,0,false,3,0.07,0.506,0.506,423.1,16965,16968,0
EagleCreekDrEtc_SHB_12.11.2025_LS,SHB,521,0,false,13,0.22,0.5057,0.6159,1024.0,18584,18596,0
EagleCreekDrEtc_SHB_12.11.2025_LS,SHB,522,0,false,12,0.28,0.464,0.6148,879.8,18617,18633,0
EagleCreekDrEtc_SHB_12.11.2025_LS,SHB,524,0,false,3,0.05,0.3604,0.3604,635.4,18665,18667,0
EagleCreekDrEtc_SHB_12.11.2025_LS,SHB,526,0,false,22,1.07,0.4453,0.6334,660.1,18677,18740,0
EagleCreekDrEtc_SHB_12.11.2025_LS,SHB,538,0,false,4,0.07,0.285,0.285,478.5,18810,18813,0
EagleCreekDrEtc_SHB_12.11.2025_LS,SHB,541,1,primary,136,2.27,0.7216,0.8277,3095.3,19158,19293,120
EagleCreekDrEtc_SHB_12.11.2025_LS,SHB,543,1,primary,88,1.47,0.7978,0.8522,4000.8,19228,19315,78
EagleCreekDrEtc_SHB_12.11.2025_LS,SHB,544,1,primary,58,0.97,0.7497,0.8801,4286.0,19296,19353,51
EagleCreekDrEtc_SHB_12.11.2025_LS,SHB,549,1,primary,3,0.05,0.6188,0.6188,1038.9,19434,19436,3
EagleCreekDrEtc_SHB_12.11.2025_LS,SHB,557,0,false,29,0.55,0.4348,0.6889,1559.2,20180,20212,0
EagleCreekDrEtc_SHB_12.11.2025_LS,SHB,561,0,false,21,0.45,0.4944,0.6832,731.4,20725,20751,0
EagleCreekDrEtc_SHB_12.11.2025_LS,SHB,569,1,primary,65,1.35,0.5439,0.7781,1032.3,20762,20842,65
EagleCreekDrEtc_SHB_12.11.2025_LS,SHB,573,0,duplicate,3,0.05,0.4552,0.4552,1115.2,20781,20783,3
EagleCreekDrEtc_SHB_12.11.2025_LS,SHB,575,0,duplicate,4,0.07,0.4305,0.4305,852.5,20782,20785,3
EagleCreekDrEtc_SHB_12.11.2025_LS,SHB,578,0,duplicate,3,0.05,0.39,0.39,685.5,20796,20798,3
EagleCreekDrEtc_SHB_12.11.2025_LS,SHB,582,1,primary,15,0.25,0.3659,0.5104,795.6,20802,20816,13
EagleCreekDrEtc_SHB_12.11.2025_LS,SHB,591,0,false,14,0.25,0.5739,0.7104,560.4,20886,20900,0
EagleCreekDrEtc_SHB_12.11.2025_LS,SHB,595,0,false,32,0.62,0.5373,0.6506,501.8,20902,20938,0
EagleCreekDrEtc_SHB_12.11.2025_LS,SHB,597,0,false,4,0.07,0.5298,0.5298,487.3,20920,20923,0
EagleCreekDrEtc_SHB_12.11.2025_LS,SHB,603,0,false,18,0.3,0.3681,0.5263,594.1,20944,20961,0
EagleCreekDrEtc_SHB_12.11.2025_LS,SHB,606,0,false,10,0.18,0.3569,0.4581,631.9,20975,20985,0
EagleCreekDrEtc_SHB_12.11.2025_LS,SHB,610,1,primary,142,2.7,0.6186,0.745,449.3,20988,21149,138
EagleCreekDrEtc_SHB_12.11.2025_LS,SHB,611,0,false,13,0.22,0.4148,0.541,614.2,20990,21002,0
EagleCreekDrEtc_SHB_12.11.2025_LS,SHB,620,0,duplicate,4,0.52,0.3609,0.3609,449.9,21135,21165,3
EagleCreekDrEtc_SHB_12.11.2025_LS,SHB,622,1,primary,91,1.58,0.5915,0.7674,879.3,21149,21243,87
EagleCreekDrEtc_SHB_12.11.2025_LS,SHB,624,0,duplicate,31,0.8,0.5335,0.6715,439.9,21158,21205,30
EagleCreekDrEtc_SHB_12.11.2025_LS,SHB,635,1,primary,22,0.6,0.468,0.6483,702.7,21263,21298,15
EagleCreekDrEtc_SHB_12.11.2025_LS,SHB,640,0,duplicate,12,0.2,0.4717,0.5818,656.5,21305,21316,12
EagleCreekDrEtc_SHB_12.11.2025_LS,SHB,642,0,duplicate,10,0.2,0.4656,0.5521,703.1,21321,21332,10
EagleCreekDrEtc_SHB_12.11.2025_LS,SHB,649,0,false,7,0.17,0.3016,0.3572,477.8,21391,21400,0
EagleCreekDrEtc_SHB_12.11.2025_LS,SHB,652,0,false,4,0.07,0.4056,0.4056,584.7,21407,21410,0
EagleCreekDrEtc_SHB_12.11.2025_LS,SHB,659,0,false,6,0.17,0.4195,0.4587,602.6,21423,21432,0
EagleCreekDrEtc_SHB_12.11.2025_LS,SHB,661,1,primary,45,0.92,0.6478,0.7787,662.8,21425,21479,29
EagleCreekDrEtc_SHB_12.11.2025_LS,SHB,666,1,primary,42,0.7,0.6699,0.7724,513.8,21521,21562,36
EagleCreekDrEtc_SHB_12.11.2025_LS,SHB,667,0,false,34,0.62,0.4955,0.6812,651.2,21610,21646,0
EagleCreekDrEtc_SHB_12.11.2025_LS,SHB,672,0,false,3,0.12,0.3249,0.3249,1841.3,21624,21630,0
FernRidgeRd_TON_12.03.25_LS,TON,61,0,false,6,0.1,0.2722,0.3022,435.0,581,586,0
FernRidgeRd_TON_12.03.25_LS,TON,80,1,primary,163,3.13,0.594,0.7352,575.4,4144,4331,154
FernRidgeRd_TON_12.03.25_LS,TON,84,0,duplicate,3,0.43,0.5262,0.5262,757.2,4333,4358,2
FernRidgeRd_TON_12.03.25_LS,TON,90,0,false,6,0.1,0.2918,0.3222,484.9,4519,4524,0
FernRidgeRd_TON_12.03.25_LS,TON,96,0,false,3,0.05,0.3738,0.3738,801.3,4624,4626,0
FernRidgeRd_TON_12.03.25_LS,TON,101,0,false,3,0.05,0.3709,0.3709,400.8,5350,5352,0
FernRidgeRd_TON_12.03.25_LS,TON,102,1,primary,115,2.78,0.5327,0.6818,417.4,5710,5876,106
FernRidgeRd_TON_12.03.25_LS,TON,114,0,false,16,0.35,0.3092,0.4744,491.0,6754,6774,0
FernRidgeRd_TON_12.03.25_LS,TON,129,1,primary,78,1.38,0.512,0.6385,465.0,7235,7317,78
FernRidgeRd_TON_12.03.25_LS,TON,131,0,false,8,0.18,0.3904,0.4907,446.2,7315,7325,0
FernRidgeRd_TON_12.03.25_LS,TON,153,0,false,3,0.05,0.4325,0.4325,1379.7,11997,11999,0
FernRidgeRd_TON_12.03.25_LS,TON,156,1,primary,70,1.25,0.7206,0.7726,1384.5,12083,12157,68
FernRidgeRd_TON_12.03.25_LS,TON,159,1,primary,91,1.72,0.6215,0.7165,429.4,12139,12241,87
FernRidgeRd_TON_12.03.25_LS,TON,166,1,primary,157,3.18,0.6666,0.7686,916.5,12540,12730,135
FernRidgeRd_TON_12.03.25_LS,TON,171,0,duplicate,115,2.6,0.5203,0.751,818.1,12748,12903,115
FernRidgeRd_TON_12.03.25_LS,TON,179,0,duplicate,39,0.98,0.5326,0.7699,841.4,12888,12946,39
FernRidgeRd_TON_12.03.25_LS,TON,184,0,duplicate,17,0.3,0.5412,0.6744,793.3,12969,12986,15
FernRidgeRd_TON_12.03.25_LS,TON,206,0,false,56,1.03,0.5195,0.6741,958.9,14212,14273,0
FernRidgeRd_TON_12.03.25_LS,TON,208,0,false,4,0.07,0.241,0.241,1103.0,14239,14242,0
FernRidgeRd_TON_12.03.25_LS,TON,211,1,primary,199,3.53,0.5858,0.6976,1061.7,14413,14624,117
FernRidgeRd_TON_12.03.25_LS,TON,213,0,false,5,0.08,0.3946,0.3946,610.6,14504,14508,0
FernRidgeRd_TON_12.03.25_LS,TON,227,0,false,4,0.07,0.3132,0.3132,1019.9,14702,14705,0
FernRidgeRd_TON_12.03.25_LS,TON,232,0,false,10,0.23,0.4607,0.5725,821.7,14748,14761,0
FernRidgeRd_TON_12.03.25_LS,TON,234,0,false,3,0.05,0.2534,0.2534,621.7,15721,15723,0
FernRidgeRd_TON_12.03.25_LS,TON,244,0,false,8,0.13,0.4466,0.4967,1059.5,16610,16617,0
FernRidgeRd_TON_12.03.25_LS,TON,248,0,false,8,0.13,0.2616,0.342,1059.1,16646,16653,0
FernRidgeRd_TON_12.03.25_LS,TON,250,0,false,3,0.05,0.335,0.335,1112.4,16841,16843,0
FernRidgeRd_TON_12.03.25_LS,TON,255,0,false,29,0.48,0.3516,0.5055,1008.6,17035,17063,0
FernRidgeRd_TON_12.03.25_LS,TON,263,0,false,7,0.12,0.4683,0.5334,1478.7,19726,19732,0
FernRidgeRd_TON_12.03.25_LS,TON,281,0,false,4,0.07,0.5691,0.5691,476.2,22025,22028,0
FernRidgeRd_TON_12.03.25_LS,TON,288,0,false,5,0.08,0.4999,0.4999,567.4,22333,22337,0
FernRidgeRd_TON_12.03.25_LS,TON,294,0,false,3,1.22,0.5698,0.5698,2261.0,23002,23074,0
FernRidgeRd_TON_12.03.25_LS,TON,300,0,false,21,0.38,0.3914,0.5051,1429.6,23140,23162,0
FernRidgeRd_TON_12.03.25_LS,TON,301,0,false,5,0.08,0.3648,0.3648,495.9,23610,23614,0
FernRidgeRd_TON_12.03.25_LS,TON,307,0,false,3,0.05,0.279,0.279,888.4,24754,24756,0
FernRidgeRd_TON_12.03.25_LS,TON,309,0,false,14,0.23,0.5107,0.6419,2300.7,24760,24773,0
FernRidgeRd_TON_12.03.25_LS,TON,312,0,false,3,0.05,0.5546,0.5546,1752.3,24788,24790,0
FernRidgeRd_TON_12.03.25_LS,TON,316,0,false,5,0.08,0.3367,0.3367,1099.0,24889,24893,0
FernRidgeRd_TON_12.03.25_LS,TON,323,0,false,5,0.62,0.4976,0.4976,1524.5,24946,24982,0
FernRidgeRd_TON_12.03.25_LS,TON,326,0,false,5,0.08,0.3465,0.3465,1445.5,24984,24988,0
FernRidgeRd_TON_12.03.25_LS,TON,345,0,false,4,0.07,0.6359,0.6359,1409.3,26177,26180,0
FernRidgeRd_TON_12.03.25_LS,TON,370,0,false,3,0.05,0.2697,0.2697,541.4,28104,28106,0
FernRidgeRd_TON_12.03.25_LS,TON,375,0,false,3,0.05,0.3583,0.3583,791.3,29927,29929,0
FernRidgeRd_TON_12.03.25_LS,TON,393,0,duplicate,139,2.47,0.498,0.5983,329.0,30636,30783,139
FernRidgeRd_TON_12.03.25_LS,TON,399,0,duplicate,6,0.1,0.2978,0.3332,344.2,30793,30798,6
FernRidgeRd_TON_12.03.25_LS,TON,407,0,duplicate,49,1.15,0.4515,0.5562,335.0,30806,30874,49
FernRidgeRd_TON_12.03.25_LS,TON,414,0,duplicate,7,0.12,0.334,0.4029,290.0,30883,30889,7
FernRidgeRd_TON_12.03.25_LS,TON,416,0,duplicate,18,0.3,0.324,0.5116,309.8,30891,30908,18
FernRidgeRd_TON_12.03.25_LS,TON,423,0,duplicate,86,1.43,0.4421,0.5931,342.4,30949,31034,83
FernRidgeRd_TON_12.03.25_LS,TON,437,1,primary,156,2.62,0.4957,0.6352,302.0,31051,31207,151
FernRidgeRd_TON_12.03.25_LS,TON,441,0,false,28,0.6,0.5252,0.638,515.1,31824,31859,0
FernRidgeRd_TON_12.03.25_LS,TON,443,0,false,5,0.08,0.352,0.352,562.9,31865,31869,0
FernRidgeRd_TON_12.03.25_LS,TON,449,0,duplicate,6,0.1,0.4657,0.4855,213.5,31930,31935,5
FernRidgeRd_TON_12.03.25_LS,TON,459,1,primary,39,0.68,0.5582,0.6694,183.4,31971,32011,39
FernRidgeRd_TON_12.03.25_LS,TON,476,0,false,5,0.08,0.4486,0.4486,798.9,32653,32657,0
FernRidgeRd_TON_12.03.25_LS,TON,480,0,false,16,0.27,0.2757,0.3914,518.1,32704,32719,0
FernRidgeRd_TON_12.03.25_LS,TON,484,0,false,3,0.05,0.5576,0.5576,1914.5,32907,32909,0
FernRidgeRd_TON_12.03.25_LS,TON,487,0,false,5,0.12,0.393,0.393,649.4,33653,33659,0
FernRidgeRd_TON_12.03.25_LS,TON,488,1,primary,219,3.72,0.6737,0.7749,685.8,33692,33914,216
FernRidgeRd_TON_12.03.25_LS,TON,494,0,duplicate,23,0.45,0.5775,0.6909,577.2,33819,33845,23
FernRidgeRd_TON_12.03.25_LS,TON,499,1,primary,219,3.88,0.6493,0.8,612.9,33858,34090,219
FernRidgeRd_TON_12.03.25_LS,TON,504,0,duplicate,139,2.32,0.698,0.7799,688.1,33923,34061,139
FernRidgeRd_TON_12.03.25_LS,TON,512,0,false,10,0.25,0.3544,0.4799,365.1,34020,34034,0
FernRidgeRd_TON_12.03.25_LS,TON,513,0,duplicate,16,1.27,0.4646,0.5809,677.8,34038,34113,10
FernRidgeRd_TON_12.03.25_LS,TON,519,0,duplicate,16,0.3,0.5853,0.6935,656.2,34125,34142,16
FernRidgeRd_TON_12.03.25_LS,TON,523,0,duplicate,82,2.28,0.5075,0.759,628.3,34162,34298,81
FernRidgeRd_TON_12.03.25_LS,TON,526,0,duplicate,23,0.43,0.4869,0.6375,683.3,34204,34229,23
FernRidgeRd_TON_12.03.25_LS,TON,527,1,primary,133,2.37,0.6388,0.7902,952.3,34213,34354,122
FernRidgeRd_TON_12.03.25_LS,TON,530,0,duplicate,3,0.05,0.4974,0.4974,731.0,34235,34237,3
FernRidgeRd_TON_12.03.25_LS,TON,535,0,duplicate,6,0.1,0.2828,0.318,441.2,34248,34253,6
FernRidgeRd_TON_12.03.25_LS,TON,544,0,duplicate,17,0.28,0.4513,0.5303,946.3,34358,34374,13
FernRidgeRd_TON_12.03.25_LS,TON,554,0,false,3,0.05,0.3716,0.3716,1191.5,34616,34618,0
FernRidgeRd_TON_12.03.25_LS,TON,555,1,primary,62,1.1,0.6429,0.7346,469.1,34623,34688,46
FernRidgeRd_TON_12.03.25_LS,TON,557,0,duplicate,59,0.98,0.6624,0.7806,1250.1,34633,34691,51
FernRidgeRd_TON_12.03.25_LS,TON,564,1,primary,138,2.3,0.6529,0.8171,1260.5,34692,34829,136
FernRidgeRd_TON_12.03.25_LS,TON,565,0,false,3,0.05,0.2429,0.2429,931.6,34692,34694,0
GiantCityRd_TON_12.03.25_LS,TON,87,0,duplicate,4,0.07,0.6212,0.6212,926.2,1537,1540,4
GiantCityRd_TON_12.03.25_LS,TON,98,1,primary,9,0.15,0.5166,0.6134,908.6,1548,1556,6
GiantCityRd_TON_12.03.25_LS,TON,106,0,false,3,0.05,0.373,0.373,1064.3,2260,2262,0
GiantCityRd_TON_12.03.25_LS,TON,113,0,false,4,0.07,0.225,0.225,2888.7,2628,2631,0
GiantCityRd_TON_12.03.25_LS,TON,119,1,primary,83,1.99,0.5149,0.6808,538.8,3672,3790,80
GiantCityRd_TON_12.03.25_LS,TON,120,0,false,6,0.12,0.5352,0.562,521.6,3684,3690,0
GiantCityRd_TON_12.03.25_LS,TON,123,1,primary,18,0.3,0.4105,0.5003,510.7,3698,3715,18
GiantCityRd_TON_12.03.25_LS,TON,127,0,duplicate,5,0.08,0.4167,0.4167,487.2,3803,3807,5
GiantCityRd_TON_12.03.25_LS,TON,128,0,false,3,0.05,0.2617,0.2617,6940.0,3878,3880,0
GiantCityRd_TON_12.03.25_LS,TON,133,0,false,3,0.05,0.6259,0.6259,2447.8,4557,4559,0
GiantCityRd_TON_12.03.25_LS,TON,144,1,primary,58,1.24,0.5538,0.711,816.8,8300,8373,57
GiantCityRd_TON_12.03.25_LS,TON,174,0,false,4,0.07,0.271,0.271,757.2,11652,11655,0
GolfDr_SHB_12.11.2025,SHB,43,0,false,6,0.13,0.373,0.3831,656.4,3088,3095,0
GolfDr_SHB_12.11.2025,SHB,59,1,primary,76,1.28,0.7493,0.8252,4160.6,3366,3442,65
GolfDr_SHB_12.11.2025,SHB,60,1,primary,74,1.25,0.738,0.8082,3175.8,3382,3456,71
GolfDr_SHB_12.11.2025,SHB,62,1,primary,80,1.33,0.7482,0.7795,2404.5,3397,3476,80
GolfDr_SHB_12.11.2025,SHB,66,1,primary,129,2.15,0.7606,0.823,2115.5,3502,3630,121
GolfDr_SHB_12.11.2025,SHB,67,1,primary,87,1.58,0.5794,0.7331,585.9,3520,3614,85
GolfDr_SHB_12.11.2025,SHB,71,1,primary,55,0.98,0.7119,0.7857,1643.5,3580,3638,54
GolfDr_SHB_12.11.2025,SHB,74,1,primary,111,1.85,0.5828,0.7351,1573.6,3617,3727,102
GolfDr_SHB_12.11.2025,SHB,76,1,primary,107,1.78,0.7192,0.7963,1725.6,3637,3743,105
GolfDr_SHB_12.11.2025,SHB,77,0,duplicate,32,0.62,0.4163,0.603,548.1,3640,3676,32
GolfDr_SHB_12.11.2025,SHB,80,0,duplicate,43,0.72,0.6744,0.7493,1575.0,3650,3692,39
GolfDr_SHB_12.11.2025,SHB,81,0,duplicate,53,1.68,0.4185,0.7762,1471.3,3652,3752,49
GolfDr_SHB_12.11.2025,SHB,91,0,duplicate,3,0.05,0.4171,0.4171,1193.2,3721,3723,3
GolfDr_SHB_12.11.2025,SHB,111,0,duplicate,10,0.17,0.5882,0.6551,456.7,3846,3855,9
GolfDr_SHB_12.11.2025,SHB,114,0,duplicate,15,0.42,0.5234,0.5786,444.8,3860,3884,15
GolfDr_SHB_12.11.2025,SHB,136,0,duplicate,5,0.1,0.5523,0.5523,611.2,3904,3909,4
GolfDr_SHB_12.11.2025,SHB,150,0,duplicate,7,0.12,0.5486,0.5929,560.2,3933,3939,7
GolfDr_SHB_12.11.2025,SHB,155,1,primary,312,5.3,0.496,0.695,582.6,3976,4293,312
GolfDr_SHB_12.11.2025,SHB,156,1,primary,345,5.8,0.5821,0.7115,571.7,3982,4329,345
GolfDr_SHB_12.11.2025,SHB,159,0,duplicate,4,0.07,0.3769,0.3769,471.1,4375,4378,4
GolfDr_SHB_12.11.2025,SHB,160,0,duplicate,5,0.08,0.3899,0.3899,424.0,4380,4384,5
GolfDr_SHB_12.11.2025,SHB,161,0,duplicate,38,0.68,0.3129,0.4655,429.6,4386,4426,38
GolfDr_SHB_12.11.2025,SHB,165,0,duplicate,5,0.08,0.5283,0.5283,482.9,4522,4526,5
GolfDr_SHB_12.11.2025,SHB,171,0,duplicate,66,1.6,0.3918,0.6678,406.1,4555,4650,66
GolfDr_SHB_12.11.2025,SHB,188,0,false,9,0.17,0.4517,0.5131,509.0,4756,4765,0
GolfDr_SHB_12.11.2025,SHB,189,0,duplicate,37,0.62,0.5264,0.6088,529.6,4776,4812,37
GolfDr_SHB_12.11.2025,SHB,191,0,duplicate,9,0.42,0.3094,0.3905,706.9,4789,4813,8
GolfDr_SHB_12.11.2025,SHB,223,0,duplicate,14,0.23,0.4326,0.561,514.0,4846,4859,14
GolfDr_SHB_12.11.2025,SHB,224,0,duplicate,6,0.1,0.2534,0.2771,754.3,4849,4854,6
GolfDr_SHB_12.11.2025,SHB,238,0,false,10,0.17,0.5673,0.6317,314.4,4925,4934,0
GolfDr_SHB_12.11.2025,SHB,239,0,false,4,0.07,0.4137,0.4137,477.0,4925,4928,0
GolfDr_SHB_12.11.2025,SHB,260,0,false,4,0.07,0.6173,0.6173,1396.1,8237,8240,0
GolfDr_SHB_12.11.2025,SHB,265,0,false,10,0.17,0.2413,0.3459,391.7,8344,8353,0
GolfDr_SHB_12.11.2025,SHB,267,0,false,17,0.48,0.2981,0.4608,444.0,8371,8399,0
GolfDr_SHB_12.11.2025,SHB,269,0,false,6,0.1,0.1939,0.211,336.8,8416,8421,0
Melvin_SHW_01.18.2026_LS,SHW,673,0,false,13,0.22,0.3397,0.4688,3214.1,51,63,0
Melvin_SHW_01.18.2026_LS,SHW,698,0,false,3,0.07,0.5817,0.5817,1601.8,3848,3851,0
Melvin_SHW_01.18.2026_LS,SHW,705,1,primary,51,1.05,0.5616,0.7425,1520.5,5439,5501,49
Melvin_SHW_01.18.2026_LS,SHW,712,0,false,3,0.05,0.5161,0.5161,1252.4,6084,6086,0
Melvin_SHW_01.18.2026_LS,SHW,716,0,false,6,0.1,0.3458,0.3949,1025.2,6193,6198,0
Melvin_SHW_01.18.2026_LS,SHW,717,1,primary,13,0.22,0.3397,0.4677,829.8,6280,6292,13
Melvin_SHW_01.18.2026_LS,SHW,732,1,primary,18,0.3,0.6277,0.703,1523.9,7015,7032,9
Melvin_SHW_01.18.2026_LS,SHW,744,0,false,12,0.2,0.5015,0.6246,1811.4,7481,7492,0
Melvin_SHW_01.18.2026_LS,SHW,751,0,false,11,0.23,0.5061,0.6016,1419.1,8304,8317,0
Melvin_SHW_01.18.2026_LS,SHW,752,0,false,4,0.07,0.3413,0.3413,981.2,8314,8317,0
Melvin_SHW_01.18.2026_LS,SHW,775,0,false,16,0.52,0.4143,0.6319,396.4,10048,10078,0
Melvin_SHW_01.18.2026_LS,SHW,776,0,false,8,0.15,0.2359,0.3093,540.9,10156,10164,0
Melvin_SHW_01.18.2026_LS,SHW,778,1,primary,7,0.13,0.4281,0.4825,607.1,10201,10208,7
Melvin_SHW_01.18.2026_LS,SHW,782,1,primary,16,0.27,0.3555,0.5236,697.6,10391,10406,5
Melvin_SHW_01.18.2026_LS,SHW,783,0,false,4,0.07,0.3697,0.3697,978.5,10532,10535,0
Melvin_SHW_01.18.2026_LS,SHW,793,0,false,6,0.13,0.371,0.4183,1307.8,11281,11288,0
Melvin_SHW_01.18.2026_LS,SHW,800,0,false,3,0.05,0.2746,0.2746,1200.8,11544,11546,0
Melvin_SHW_01.18.2026_LS,SHW,805,0,false,4,0.07,0.5265,0.5265,1414.3,12161,12164,0
Melvin_SHW_01.18.2026_LS,SHW,808,0,false,3,0.05,0.2347,0.2347,1195.9,12183,12185,0
Melvin_SHW_01.18.2026_LS,SHW,827,0,false,4,0.07,0.3659,0.3659,1194.3,13657,13660,0
N25thBlue_MAS_12.22.25_LS_V2,MAS,568,0,false,34,0.57,0.5206,0.6586,422.2,246,279,0
N25thBlue_MAS_12.22.25_LS_V2,MAS,572,0,false,10,0.17,0.5418,0.6109,1127.0,895,904,0
N25thBlue_MAS_12.22.25_LS_V2,MAS,590,1,primary,28,0.8,0.5442,0.7236,1214.4,8148,8195,5
N25thBlue_MAS_12.22.25_LS_V2,MAS,603,0,false,17,0.3,0.4837,0.6162,2224.0,10989,11006,0
N25thBlue_MAS_12.22.25_LS_V2,MAS,619,1,primary,8,0.25,0.5528,0.587,899.9,16597,16611,8
N25thBlue_MAS_12.22.25_LS_V2,MAS,636,0,false,12,0.2,0.6208,0.7235,1886.7,22178,22189,0
N25thBlue_MAS_12.22.25_LS_V2,MAS,637,0,false,6,0.18,0.5993,0.6248,2105.3,22183,22193,0
N25thBlue_MAS_12.22.25_LS_V2,MAS,641,0,false,4,0.13,0.3164,0.3164,1490.2,22617,22624,0
N25thBlue_MAS_12.22.25_LS_V2,MAS,643,0,false,3,0.23,0.3044,0.3044,612.2,23326,23339,0
N25thBlue_MAS_12.22.25_LS_V2,MAS,644,0,false,12,0.32,0.2821,0.3875,706.2,24227,24245,0
N25thBlue_MAS_12.22.25_LS_V2,MAS,647,0,false,94,2.0,0.4522,0.7298,760.4,24331,24450,0
N25thBlue_MAS_12.22.25_LS_V2,MAS,649,0,false,3,0.05,0.3159,0.3159,553.9,24476,24478,0
N25thRdBlue_MAS_12.22.25_LS_V1,MAS,179,0,false,6,0.12,0.3948,0.4182,1027.2,1044,1050,0
N25thRdOrange_MAS_12.22.25_LS_V1,MAS,294,1,primary,41,0.68,0.6779,0.7999,4112.2,5410,5450,38
NIron_SHW_01.18.2026_LS,SHW,654,0,false,3,0.05,0.4926,0.4926,4177.7,501,503,0
NIron_SHW_01.18.2026_LS,SHW,670,0,false,68,1.13,0.6272,0.7166,3131.7,2347,2414,0
NIron_SHW_01.18.2026_LS,SHW,678,0,false,86,1.45,0.5352,0.7024,2138.6,2354,2440,0
NIron_SHW_01.18.2026_LS,SHW,680,0,false,73,1.28,0.5536,0.7159,3596.1,2355,2431,0
NIron_SHW_01.18.2026_LS,SHW,684,0,false,56,0.93,0.5013,0.6743,2162.7,2365,2420,0
NIron_SHW_01.18.2026_LS,SHW,685,0,false,3,0.05,0.4234,0.4234,1377.0,2365,2367,0
NIron_SHW_01.18.2026_LS,SHW,705,0,false,14,0.23,0.4957,0.6388,2536.6,3479,3492,0
NIron_SHW_01.18.2026_LS,SHW,708,0,false,5,0.08,0.3121,0.3121,9017.7,3527,3531,0
NIron_SHW_01.18.2026_LS,SHW,746,0,false,48,0.87,0.5487,0.674,1008.1,5797,5848,0
NIron_SHW_01.18.2026_LS,SHW,749,0,false,38,0.63,0.5957,0.7023,1098.3,5810,5847,0
NIron_SHW_01.18.2026_LS,SHW,753,0,false,23,0.38,0.4025,0.5344,1147.4,5820,5842,0
NIron_SHW_01.18.2026_LS,SHW,761,0,false,8,0.13,0.4437,0.5284,632.7,5863,5870,0
NIron_SHW_01.18.2026_LS,SHW,762,0,false,8,0.13,0.4429,0.5263,839.1,5867,5874,0
NIron_SHW_01.18.2026_LS,SHW,763,0,false,7,0.12,0.4387,0.5079,1218.6,5916,5922,0
NIron_SHW_01.18.2026_LS,SHW,770,0,false,20,0.33,0.646,0.7894,2574.9,6380,6399,0
NIron_SHW_01.18.2026_LS,SHW,778,0,false,16,0.27,0.6385,0.7287,1682.0,6429,6444,0
NIron_SHW_01.18.2026_LS,SHW,801,0,false,5,0.08,0.3139,0.3139,2857.1,9609,9613,0
NIron_SHW_01.18.2026_LS,SHW,803,0,false,9,0.27,0.3782,0.4773,1439.4,9777,9792,0
NIron_SHW_01.18.2026_LS,SHW,830,0,false,3,0.05,0.4824,0.4824,1054.2,11418,11420,0
NIron_SHW_01.18.2026_LS,SHW,1064,0,false,4,0.07,0.3921,0.3921,3125.3,23357,23360,0
NIron_SHW_01.18.2026_LS,SHW,1070,0,false,7,0.13,0.4886,0.5298,1179.9,24126,24133,0
NIron_SHW_01.18.2026_LS,SHW,1092,1,primary,58,0.98,0.6732,0.7359,1290.4,25146,25204,55
NIron_SHW_01.18.2026_LS,SHW,1160,0,false,18,0.32,0.6027,0.6727,1308.1,28680,28698,0
NIron_SHW_01.18.2026_LS,SHW,1161,1,primary,51,1.25,0.5386,0.6593,1423.0,28680,28754,18
NIron_SHW_01.18.2026_LS,SHW,1162,1,primary,39,0.78,0.6205,0.7019,2431.6,28693,28739,25
NIron_SHW_01.18.2026_LS,SHW,1164,1,primary,20,0.37,0.4585,0.6574,1285.7,28706,28727,19
NIron_SHW_01.18.2026_LS,SHW,1167,0,false,10,0.17,0.5692,0.7032,1698.0,28751,28760,0
NIron_SHW_01.18.2026_LS,SHW,1210,0,false,7,0.12,0.5958,0.657,1209.3,31224,31230,0
NIron_SHW_01.18.2026_LS,SHW,1218,0,false,4,0.08,0.4937,0.4937,1621.0,31592,31596,0
NIron_SHW_01.18.2026_LS,SHW,1221,0,false,6,0.1,0.6704,0.6827,2517.7,31615,31620,0
NIron_SHW_01.18.2026_LS,SHW,1280,0,false,16,0.4,0.4436,0.5691,2014.1,32997,33020,0
NIron_SHW_01.18.2026_LS,SHW,1291,0,false,9,0.2,0.3919,0.4946,1887.3,33095,33106,0
NIron_SHW_01.18.2026_LS,SHW,1295,0,false,4,0.07,0.3083,0.3083,1332.0,33113,33116,0
NIron_SHW_01.18.2026_LS,SHW,1300,0,false,5,0.45,0.4849,0.4849,1822.8,33136,33162,0
NIron_SHW_01.18.2026_LS,SHW,1307,0,false,6,0.1,0.5468,0.5926,2088.4,33155,33160,0
NIron_SHW_01.18.2026_LS,SHW,1314,0,false,53,0.93,0.5871,0.6969,1630.7,34242,34297,0
NIron_SHW_01.18.2026_LS,SHW,1316,0,false,10,0.28,0.4749,0.5436,2231.1,34281,34297,0
NIron_SHW_01.18.2026_LS,SHW,1317,0,false,4,0.07,0.4342,0.4342,1832.9,34305,34308,0
NMarseillesRd_MAS_12.22.25_LS_V1,MAS,217,1,primary,13,0.25,0.5268,0.6726,1886.6,1224,1238,12
NMarseillesRd_MAS_12.22.25_LS_V1,MAS,223,0,false,20,0.43,0.3255,0.4566,1256.4,7740,7765,0
NMarseillesRd_MAS_12.22.25_LS_V1,MAS,228,0,false,40,0.8,0.6885,0.7674,2431.2,10044,10091,0
NMarseillesRd_MAS_12.22.25_LS_V1,MAS,232,0,false,6,0.1,0.5713,0.5938,1774.5,10113,10118,0
NMarseillesRd_MAS_12.22.25_LS_V1,MAS,233,1,primary,76,1.37,0.6457,0.7443,1820.2,10556,10637,40
NMarseillesRd_MAS_12.22.25_LS_V1,MAS,234,1,primary,40,0.67,0.6962,0.7672,1570.9,10819,10858,34
NMarseillesRd_MAS_12.22.25_LS_V1,MAS,238,0,false,10,0.2,0.5367,0.5973,1763.0,12826,12837,0
NMarseillesRd_MAS_12.22.25_LS_V1,MAS,241,1,primary,12,0.38,0.4559,0.5816,993.6,12874,12896,2
NMarseillesRd_MAS_12.22.25_LS_V1,MAS,243,1,primary,23,0.38,0.7101,0.7713,2551.6,12999,13021,12
NMarseillesRd_MAS_12.22.25_LS_V1,MAS,244,1,primary,54,0.9,0.7166,0.7577,1611.8,13860,13913,43
NMarseillesRd_MAS_12.22.25_LS_V1,MAS,248,0,false,3,0.05,0.4655,0.4655,1127.6,14100,14102,0
NMarseilles_MAS_12.22.25_LS_V2,MAS,312,1,primary,31,0.62,0.6141,0.7235,3299.7,5999,6035,31
NMarseilles_MAS_12.22.25_LS_V2,MAS,321,1,primary,4,0.07,0.4761,0.4761,2390.6,7863,7866,4
NMarseilles_MAS_12.22.25_LS_V2,MAS,324,0,false,13,0.22,0.4368,0.5944,1296.4,7978,7990,0
NMarseilles_MAS_12.22.25_LS_V2,MAS,326,0,false,5,0.08,0.4684,0.4684,756.5,8004,8008,0
NShelbyRd(blue)_SHB_12.11.2025_LS,SHB,897,0,false,19,0.32,0.5241,0.6569,539.5,1602,1620,0
NShelbyRd(blue)_SHB_12.11.2025_LS,SHB,898,0,false,20,0.35,0.3805,0.5397,820.4,1610,1630,0
NShelbyRd(blue)_SHB_12.11.2025_LS,SHB,900,1,primary,29,0.6,0.4632,0.6345,859.0,1619,1654,4
NShelbyRd(blue)_SHB_12.11.2025_LS,SHB,902,0,false,23,0.38,0.6859,0.7632,866.0,1624,1646,0
NShelbyRd(blue)_SHB_12.11.2025_LS,SHB,905,1,primary,11,0.3,0.2876,0.3791,713.6,1627,1644,2
NShelbyRd(blue)_SHB_12.11.2025_LS,SHB,906,1,primary,65,1.08,0.6755,0.7524,788.3,1636,1700,49
NShelbyRd(blue)_SHB_12.11.2025_LS,SHB,907,1,primary,35,1.03,0.6144,0.7474,1233.0,1648,1709,31
NShelbyRd(blue)_SHB_12.11.2025_LS,SHB,912,1,primary,27,0.58,0.394,0.6266,975.2,1662,1696,27
NShelbyRd(blue)_SHB_12.11.2025_LS,SHB,913,1,primary,28,0.47,0.5463,0.6971,1066.3,1665,1692,19
NShelbyRd(blue)_SHB_12.11.2025_LS,SHB,924,0,false,3,0.05,0.2706,0.2706,5272.8,1818,1820,0
NShelbyRd(blue)_SHB_12.11.2025_LS,SHB,936,1,primary,15,0.32,0.5322,0.6583,1077.9,2165,2183,15
NShelbyRd(blue)_SHB_12.11.2025_LS,SHB,937,1,primary,3,0.05,0.4744,0.4744,748.0,2167,2169,3
NShelbyRd(blue)_SHB_12.11.2025_LS,SHB,956,0,false,9,0.15,0.3041,0.42,812.9,2462,2470,0
NShelbyRd(blue)_SHB_12.11.2025_LS,SHB,963,0,false,30,0.55,0.5194,0.6917,2080.3,3021,3053,0
NShelbyRd(blue)_SHB_12.11.2025_LS,SHB,983,1,primary,12,0.28,0.3563,0.5101,1531.0,3339,3355,12
NShelbyRd(blue)_SHB_12.11.2025_LS,SHB,987,0,false,169,3.75,0.4328,0.6899,1768.9,5394,5618,0
NShelbyRd(blue)_SHB_12.11.2025_LS,SHB,993,0,duplicate,25,0.42,0.5921,0.7235,2182.8,8413,8437,20
NShelbyRd(blue)_SHB_12.11.2025_LS,SHB,994,1,primary,116,1.93,0.7509,0.8172,1616.4,8422,8537,108
NShelbyRd(blue)_SHB_12.11.2025_LS,SHB,995,1,primary,39,0.65,0.734,0.7761,2148.2,8459,8497,37
NShelbyRd(blue)_SHB_12.11.2025_LS,SHB,996,1,primary,130,2.17,0.7655,0.8132,2215.5,8464,8593,116
NShelbyRd(blue)_SHB_12.11.2025_LS,SHB,997,0,duplicate,29,0.72,0.5623,0.7262,1703.9,8470,8512,24
NShelbyRd(blue)_SHB_12.11.2025_LS,SHB,998,0,duplicate,64,1.08,0.7095,0.7742,1255.8,8493,8557,52
NShelbyRd(blue)_SHB_12.11.2025_LS,SHB,999,1,primary,115,1.92,0.6887,0.7743,1551.7,8505,8619,115
NShelbyRd(blue)_SHB_12.11.2025_LS,SHB,1001,1,primary,64,1.07,0.6333,0.7872,1302.4,8516,8579,45
NShelbyRd(blue)_SHB_12.11.2025_LS,SHB,1002,1,primary,47,0.78,0.5543,0.722,1517.4,8538,8584,25
NShelbyRd(blue)_SHB_12.11.2025_LS,SHB,1003,0,duplicate,10,0.17,0.5265,0.6379,854.6,8545,8554,5
NShelbyRd(blue)_SHB_12.11.2025_LS,SHB,1004,1,primary,112,1.98,0.675,0.8265,1373.4,8572,8690,78
NShelbyRd(blue)_SHB_12.11.2025_LS,SHB,1007,0,duplicate,15,0.65,0.5251,0.6905,1194.3,8595,8633,8
NShelbyRd(blue)_SHB_12.11.2025_LS,SHB,1008,0,duplicate,70,1.73,0.6291,0.7664,1189.5,8599,8702,48
NShelbyRd(blue)_SHB_12.11.2025_LS,SHB,1010,0,duplicate,8,0.13,0.3998,0.5053,544.2,8605,8612,8
NShelbyRd(blue)_SHB_12.11.2025_LS,SHB,1012,0,duplicate,35,0.58,0.6631,0.7835,1062.3,8617,8651,34
NShelbyRd(blue)_SHB_12.11.2025_LS,SHB,1020,1,primary,122,2.1,0.6614,0.8047,1222.0,8644,8769,116
NShelbyRd(blue)_SHB_12.11.2025_LS,SHB,1021,1,primary,26,0.43,0.671,0.7594,1388.1,8650,8675,16
NShelbyRd(blue)_SHB_12.11.2025_LS,SHB,1024,0,duplicate,19,0.32,0.4126,0.6396,611.5,8700,8718,19
NShelbyRd(green)_SHB_12.11.2025,SHB,1329,0,false,13,0.22,0.3891,0.5116,1825.5,529,541,0
NShelbyRd(green)_SHB_12.11.2025,SHB,1330,0,false,6,0.92,0.3777,0.4206,2283.5,563,617,0
NShelbyRd(green)_SHB_12.11.2025,SHB,1331,0,false,35,0.67,0.3743,0.5672,1470.0,582,621,0
NShelbyRd(green)_SHB_12.11.2025,SHB,1335,0,false,7,0.43,0.2745,0.3239,1659.7,613,638,0
NShelbyRd(green)_SHB_12.11.2025,SHB,1344,0,false,10,0.17,0.3372,0.4449,3154.8,738,747,0
NShelbyRd(green)_SHB_12.11.2025,SHB,1345,0,false,9,0.15,0.4496,0.5618,796.4,839,847,0
NShelbyRd(green)_SHB_12.11.2025,SHB,1347,0,false,29,1.42,0.3773,0.5509,911.2,1067,1151,0
NShelbyRd(green)_SHB_12.11.2025,SHB,1353,0,false,4,0.07,0.3023,0.3023,825.3,1216,1219,0
NShelbyRd(pink)_SHB_12.11.2025_LS,SHB,292,0,false,3,0.68,0.5047,0.5047,683.3,3645,3685,0
NShelbyRd(pink)_SHB_12.11.2025_LS,SHB,299,1,primary,77,1.42,0.6181,0.7073,559.9,3709,3793,59
NShelbyRd(pink)_SHB_12.11.2025_LS,SHB,300,1,primary,141,2.57,0.6136,0.7126,588.7,3725,3878,124
NShelbyRd(pink)_SHB_12.11.2025_LS,SHB,301,0,duplicate,57,1.32,0.6152,0.7066,591.1,3776,3854,45
NShelbyRd(pink)_SHB_12.11.2025_LS,SHB,304,0,false,3,0.05,0.2881,0.2881,518.4,4329,4331,0
NShelbyRd(pink)_SHB_12.11.2025_LS,SHB,307,0,false,47,1.0,0.3764,0.6246,569.3,5072,5131,0
NShelbyRd(pink)_SHB_12.11.2025_LS,SHB,317,0,false,3,0.05,0.2284,0.2284,503.4,5890,5892,0
NShelbyRd(pink)_SHB_12.11.2025_LS,SHB,330,1,primary,225,3.81,0.7231,0.7979,652.9,6940,7167,221
NShelbyRd(pink)_SHB_12.11.2025_LS,SHB,332,1,primary,60,1.08,0.5043,0.7076,409.5,6979,7043,57
NShelbyRd(pink)_SHB_12.11.2025_LS,SHB,347,0,false,15,0.27,0.3486,0.4801,432.6,9492,9507,0
NShelbyRd(pink)_SHB_12.11.2025_LS,SHB,349,0,false,10,0.17,0.3542,0.4039,384.0,9601,9610,0
NWolfCreek(blue)_SHB_12.11.2025,SHB,331,1,primary,36,0.65,0.7197,0.7605,845.7,785,823,36
NWolfCreek(blue)_SHB_12.11.2025,SHB,340,1,primary,17,0.28,0.6786,0.7477,1097.9,3552,3568,16
NWolfCreek(blue)_SHB_12.11.2025,SHB,343,1,primary,32,0.55,0.7213,0.8042,2845.3,4274,4306,25
NWolfCreek(blue)_SHB_12.11.2025,SHB,345,0,duplicate,16,0.27,0.5598,0.6522,842.9,4597,4612,1
NWolfCreek(blue)_SHB_12.11.2025,SHB,348,1,primary,4,0.07,0.7054,0.7054,942.6,4629,4632,4
NWolfCreek(blue)_SHB_12.11.2025,SHB,355,1,primary,37,0.62,0.7152,0.7701,2105.0,4974,5010,35
NWolfCreek(blue)_SHB_12.11.2025,SHB,372,1,primary,14,0.52,0.459,0.5507,417.5,11093,11123,6
NWolfCreek(blue)_SHB_12.11.2025,SHB,390,0,duplicate,19,0.32,0.7309,0.7649,1896.4,14954,14972,11
NWolfCreek(blue)_SHB_12.11.2025,SHB,391,0,duplicate,8,0.15,0.7515,0.764,2028.7,14974,14982,8
NWolfCreek(blue)_SHB_12.11.2025,SHB,393,0,duplicate,12,0.2,0.7302,0.7508,1977.1,14985,14996,12
NWolfCreek(blue)_SHB_12.11.2025,SHB,394,0,duplicate,9,0.15,0.6513,0.7334,2100.9,14998,15006,9
NWolfCreek(blue)_SHB_12.11.2025,SHB,395,1,primary,16,0.3,0.6258,0.7294,2087.2,15008,15025,13
NWolfCreek(blue)_SHB_12.11.2025,SHB,400,1,primary,19,0.32,0.5174,0.5966,2109.9,15073,15091,18
NWolfCreek(blue)_SHB_12.11.2025,SHB,407,0,duplicate,9,0.62,0.3292,0.3882,2067.5,15095,15131,8
NWolfCreek(blue)_SHB_12.11.2025,SHB,408,0,duplicate,3,0.05,0.3695,0.3695,1953.6,15101,15103,3
NWolfCreek(blue)_SHB_12.11.2025,SHB,410,0,duplicate,6,0.45,0.3853,0.4289,1871.4,15105,15131,3
NWolfCreek(blue)_SHB_12.11.2025,SHB,411,0,duplicate,3,0.38,0.3702,0.3702,2048.8,15108,15130,1
NWolfCreek(blue)_SHB_12.11.2025,SHB,413,0,duplicate,6,0.23,0.4729,0.5061,1546.0,15115,15128,6
NWolfCreek(blue)_SHB_12.11.2025,SHB,427,0,duplicate,59,1.12,0.5989,0.7638,806.3,15863,15929,54
NWolfCreek(blue)_SHB_12.11.2025,SHB,429,1,primary,85,1.45,0.6636,0.7769,813.1,15933,16019,85
NWolfCreek(blue)_SHB_12.11.2025,SHB,430,1,primary,89,1.62,0.5882,0.758,649.7,15938,16034,82
NWolfCreek(blue)_SHB_12.11.2025,SHB,431,0,duplicate,41,0.68,0.6607,0.754,748.5,15945,15985,40
NWolfCreek(blue)_SHB_12.11.2025,SHB,432,1,primary,79,1.5,0.6049,0.7762,821.6,15993,16082,79
NWolfCreek(blue)_SHB_12.11.2025,SHB,434,0,duplicate,21,0.4,0.3866,0.5027,763.2,16021,16044,21
NWolfCreek(blue)_SHB_12.11.2025,SHB,443,0,duplicate,4,0.07,0.2851,0.2851,721.6,16067,16070,4
NWolfCreek(blue)_SHB_12.11.2025,SHB,445,0,duplicate,17,0.28,0.5633,0.6733,717.5,16076,16092,12
NWolfCreek(blue)_SHB_12.11.2025,SHB,447,0,duplicate,74,1.88,0.5583,0.7494,504.4,16087,16199,58
NWolfCreek(blue)_SHB_12.11.2025,SHB,452,1,primary,96,1.92,0.5973,0.7633,629.1,16223,16337,96
NWolfCreek(blue)_SHB_12.11.2025,SHB,453,0,duplicate,5,0.1,0.3625,0.3625,579.3,16350,16355,2
NWolfCreek(blue)_SHB_12.11.2025,SHB,458,0,false,42,1.4,0.4372,0.7115,913.2,16410,16493,0
NWolfCreek(blue)_SHB_12.11.2025,SHB,459,0,false,37,0.7,0.6752,0.7674,738.8,16423,16464,0
NWolfCreek(blue)_SHB_12.11.2025,SHB,465,0,false,5,0.08,0.4108,0.4108,787.2,16470,16474,0
NWolfCreek(blue)_SHB_12.11.2025,SHB,469,0,false,4,0.07,0.2219,0.2219,1247.5,21718,21721,0
NWolfCreek(blue)_SHB_12.11.2025,SHB,479,1,primary,29,0.53,0.5894,0.7361,621.0,25071,25102,27
NWolfCreek(blue)_SHB_12.11.2025,SHB,482,0,duplicate,31,0.55,0.5701,0.7358,600.4,25115,25147,18
NWolfCreek(blue)_SHB_12.11.2025,SHB,487,0,false,176,2.98,0.633,0.7359,642.2,25656,25834,0
NWolfCreek(blue)_SHB_12.11.2025,SHB,492,0,false,3,0.2,0.3719,0.3719,763.5,26407,26418,0
NWolfCreek(blue)_SHB_12.11.2025,SHB,494,0,false,20,1.33,0.3651,0.5688,2661.1,26682,26761,0
NWolfCreek(blue)_SHB_12.11.2025,SHB,497,0,false,6,0.12,0.2871,0.3189,580.4,26935,26941,0
NWolfCreek(blue)_SHB_12.11.2025,SHB,500,0,false,6,0.1,0.3558,0.4018,643.9,26953,26958,0
NWolfCreek(blue)_SHB_12.11.2025,SHB,505,0,false,4,0.12,0.3631,0.3631,557.2,27292,27298,0
NWolfCreek(blue)_SHB_12.11.2025,SHB,508,0,false,6,0.1,0.2847,0.3122,327.1,27429,27434,0
NWolfCreek(blue)_SHB_12.11.2025,SHB,512,0,false,3,0.05,0.271,0.271,1268.2,29471,29473,0
NWolfCreek(blue)_SHB_12.11.2025,SHB,521,0,false,5,0.08,0.3073,0.3073,531.9,32573,32577,0
NWolfCreek(blue)_SHB_12.11.2025,SHB,522,0,duplicate,50,1.05,0.5417,0.6792,549.6,32584,32646,50
NWolfCreek(blue)_SHB_12.11.2025,SHB,524,1,primary,224,3.85,0.6705,0.7873,1013.8,32718,32948,211
NWolfCreek(blue)_SHB_12.11.2025,SHB,525,0,duplicate,3,0.05,0.5109,0.5109,572.3,32720,32722,3
NWolfCreek(blue)_SHB_12.11.2025,SHB,526,1,primary,238,4.1,0.594,0.7552,554.2,32725,32970,238
NWolfCreek(blue)_SHB_12.11.2025,SHB,529,0,false,3,0.05,0.4143,0.4143,524.5,32874,32876,0
NWolfCreek(blue)_SHB_12.11.2025,SHB,530,0,duplicate,3,0.05,0.3579,0.3579,891.1,32891,32893,3
NWolfCreek(blue)_SHB_12.11.2025,SHB,535,1,primary,133,2.32,0.5117,0.7586,917.9,32934,33072,133
NWolfCreek(blue)_SHB_12.11.2025,SHB,536,0,duplicate,17,0.35,0.2736,0.4892,932.5,32958,32978,16
NWolfCreek(blue)_SHB_12.11.2025,SHB,540,0,duplicate,9,0.17,0.4193,0.4833,532.8,32989,32998,9
NWolfCreek(blue)_SHB_12.11.2025,SHB,545,0,duplicate,83,1.47,0.51,0.6733,558.7,33019,33106,83
NWolfCreek(blue)_SHB_12.11.2025,SHB,550,0,duplicate,4,0.08,0.3455,0.3455,701.2,33066,33070,4
NWolfCreek(blue)_SHB_12.11.2025,SHB,552,1,primary,33,0.6,0.5298,0.6936,509.9,33067,33102,21
NWolfCreek(blue)_SHB_12.11.2025,SHB,555,1,primary,33,0.55,0.603,0.7501,564.8,33076,33108,22
NWolfCreek(blue)_SHB_12.11.2025,SHB,556,0,duplicate,5,0.08,0.3509,0.3509,566.4,33082,33086,5
NWolfCreek(blue)_SHB_12.11.2025,SHB,557,1,primary,18,0.3,0.5797,0.6984,569.7,33083,33100,16
NWolfCreek(blue)_SHB_12.11.2025,SHB,564,0,duplicate,20,0.35,0.6103,0.6972,565.5,33113,33133,20
NWolfCreek(blue)_SHB_12.11.2025,SHB,566,0,duplicate,3,0.05,0.5384,0.5384,532.1,33114,33116,3
NWolfCreek(blue)_SHB_12.11.2025,SHB,572,0,false,5,0.1,0.3438,0.3438,611.9,33122,33127,0
NWolfCreek(blue)_SHB_12.11.2025,SHB,573,0,false,4,0.07,0.355,0.355,689.1,33124,33127,0
NWolfCreek(blue)_SHB_12.11.2025,SHB,578,0,false,14,1.02,0.6051,0.6827,579.2,33133,33193,0
NWolfCreek(blue)_SHB_12.11.2025,SHB,586,0,false,12,1.03,0.3601,0.4619,858.9,33147,33208,0
NWolfCreek(blue)_SHB_12.11.2025,SHB,597,0,false,4,0.07,0.332,0.332,818.3,33187,33190,0
NWolfCreek(blue)_SHB_12.11.2025,SHB,598,0,false,4,0.07,0.3182,0.3182,563.3,33188,33191,0
NWolfCreek(blue)_SHB_12.11.2025,SHB,605,0,false,5,0.35,0.5471,0.5471,539.9,33206,33226,0
NWolfCreek(blue)_SHB_12.11.2025,SHB,619,0,false,4,0.07,0.2266,0.2266,2025.2,33315,33318,0
NWolfCreek(blue)_SHB_12.11.2025,SHB,623,0,false,77,1.33,0.2373,0.4331,389.2,34846,34925,0
NWolfCreek(blue)_SHB_12.11.2025,SHB,624,0,false,297,6.44,0.2418,0.4589,464.7,35036,35421,0
NWolfCreek(blue)_SHB_12.11.2025,SHB,626,0,false,99,1.65,0.2052,0.3151,462.0,35519,35617,0
NWolfCreek(blue)_SHB_12.11.2025,SHB,634,0,false,129,2.58,0.2294,0.4269,446.7,36077,36231,0
NWolfCreek(blue)_SHB_12.11.2025,SHB,638,0,false,14,0.23,0.1879,0.2913,476.5,38096,38109,0
NWolfCreek(blue)_SHB_12.11.2025,SHB,642,0,false,22,0.37,0.2367,0.3761,601.8,38480,38501,0
NWolfCreek(blue)_SHB_12.11.2025,SHB,647,0,false,46,0.77,0.2186,0.286,527.3,38577,38622,0
NWolfCreek(blue)_SHB_12.11.2025,SHB,648,0,false,35,0.82,0.2163,0.3241,586.3,38750,38798,0
NWolfCreek(blue)_SHB_12.11.2025,SHB,649,0,false,4,0.07,0.2166,0.2166,624.4,38947,38950,0
NWolfCreek(blue)_SHB_12.11.2025,SHB,654,0,false,6,0.1,0.4706,0.4907,352.2,39947,39952,0
NWolfCreek(blue)_SHB_12.11.2025,SHB,655,0,false,44,0.77,0.5376,0.7006,287.6,39961,40006,0
NWolfCreek(blue)_SHB_12.11.2025,SHB,657,0,false,8,0.13,0.3835,0.4732,350.4,39968,39975,0
NWolfCreek(blue)_SHB_12.11.2025,SHB,658,0,false,25,0.57,0.4483,0.5773,314.1,39980,40013,0
NWolfCreek(blue)_SHB_12.11.2025,SHB,659,1,primary,90,2.22,0.5623,0.7151,306.0,39983,40115,10
NWolfCreek(blue)_SHB_12.11.2025,SHB,664,0,false,13,0.22,0.4523,0.502,394.4,39998,40010,0
NWolfCreek(blue)_SHB_12.11.2025,SHB,666,0,false,17,0.33,0.5951,0.7147,257.8,40002,40021,0
NWolfCreek(blue)_SHB_12.11.2025,SHB,669,0,false,14,0.23,0.4974,0.5447,236.4,40012,40025,0
NWolfCreek(blue)_SHB_12.11.2025,SHB,670,0,false,7,0.27,0.3384,0.4032,320.7,40018,40033,0
NWolfCreek(blue)_SHB_12.11.2025,SHB,675,1,primary,10,0.42,0.3712,0.4005,228.9,40026,40050,3
NWolfCreek(blue)_SHB_12.11.2025,SHB,676,0,false,5,0.1,0.4485,0.4485,228.3,40030,40035,0
NWolfCreek(blue)_SHB_12.11.2025,SHB,677,1,primary,21,0.45,0.4925,0.5939,200.5,40031,40057,15
NWolfCreek(blue)_SHB_12.11.2025,SHB,680,0,duplicate,9,0.15,0.4759,0.5052,221.3,40034,40042,6
NWolfCreek(blue)_SHB_12.11.2025,SHB,683,1,primary,9,0.15,0.4109,0.4932,206.3,40040,40048,6
NWolfCreek(blue)_SHB_12.11.2025,SHB,689,1,primary,16,0.27,0.473,0.526,189.5,40045,40060,8
NWolfCreek(blue)_SHB_12.11.2025,SHB,690,0,false,6,0.1,0.4699,0.5218,279.7,40048,40053,0
NWolfCreek(blue)_SHB_12.11.2025,SHB,692,0,duplicate,14,0.23,0.377,0.4446,177.2,40051,40064,2
NWolfCreek(blue)_SHB_12.11.2025,SHB,714,0,false,7,0.12,0.3965,0.4446,201.3,40081,40087,0
NWolfCreek(blue)_SHB_12.11.2025,SHB,731,0,false,5,0.15,0.3887,0.3887,323.2,40126,40134,0
NWolfCreek(blue)_SHB_12.11.2025,SHB,742,0,false,32,0.53,0.6187,0.7399,356.6,40141,40172,0
NWolfCreek(blue)_SHB_12.11.2025,SHB,765,0,false,15,0.25,0.5503,0.6234,317.0,40175,40189,0
NWolfCreek(blue)_SHB_12.11.2025,SHB,778,0,false,4,0.07,0.3009,0.3009,784.9,40216,40219,0
NWolfCreek(blue)_SHB_12.11.2025,SHB,781,0,false,4,0.07,0.288,0.288,655.7,40286,40289,0
NWolfCreek(blue)_SHB_12.11.2025,SHB,785,0,false,24,0.42,0.478,0.6727,826.1,40636,40660,0
NWolfCreek(blue)_SHB_12.11.2025,SHB,798,0,false,16,1.08,0.4358,0.6044,973.4,42845,42909,0
NWolfCreek(blue)_SHB_12.11.2025,SHB,803,0,false,4,0.07,0.3764,0.3764,856.0,42933,42936,0
NWolfCreek(blue)_SHB_12.11.2025,SHB,823,0,false,6,0.1,0.4746,0.5344,2236.3,45796,45801,0
NWolfCreek(blue)_SHB_12.11.2025,SHB,845,0,false,9,0.15,0.594,0.6715,754.2,50930,50938,0
NWolfCreek(blue)_SHB_12.11.2025,SHB,848,1,primary,29,0.55,0.5486,0.7329,529.0,51006,51038,29
NWolfCreek(blue)_SHB_12.11.2025,SHB,860,0,false,13,0.27,0.2969,0.3971,587.7,51140,51155,0
NWolfCreek(blue)_SHB_12.11.2025,SHB,862,0,false,4,0.13,0.3617,0.3617,538.1,51146,51153,0
NWolfCreek(blue)_SHB_12.11.2025,SHB,863,0,false,5,0.55,0.3296,0.3296,654.9,51147,51179,0
NWolfCreek(blue)_SHB_12.11.2025,SHB,869,0,false,7,0.18,0.3729,0.4258,545.4,51310,51320,0
NWolfCreek(blue)_SHB_12.11.2025,SHB,870,0,false,9,0.15,0.4526,0.5658,424.4,51350,51358,0
NWolfCreek(blue)_SHB_12.11.2025,SHB,874,0,false,8,0.25,0.3964,0.479,1186.5,52385,52399,0
NWolfCreek(blue)_SHB_12.11.2025,SHB,878,0,false,12,0.32,0.3653,0.4822,1841.4,52772,52790,0
NWolfCreek(blue)_SHB_12.11.2025,SHB,882,0,false,3,0.05,0.6452,0.6452,570.0,53827,53829,0
NWolfCreek(blue)_SHB_12.11.2025,SHB,884,0,false,3,0.05,0.6263,0.6263,587.2,53831,53833,0
NWolfCreek(blue)_SHB_12.11.2025,SHB,908,1,primary,46,0.82,0.546,0.7425,655.6,54885,54933,45
NWolfCreek(blue)_SHB_12.11.2025,SHB,916,0,false,11,0.85,0.3175,0.4189,1431.7,66387,66437,0
NWolfCreek(blue)_SHB_12.11.2025,SHB,917,0,false,14,0.23,0.3157,0.4851,2068.2,66479,66492,0
NWolfCreek(blue)_SHB_12.11.2025,SHB,918,0,false,7,0.12,0.3795,0.4385,1697.9,66677,66683,0
NWolfCreek(blue)_SHB_12.11.2025,SHB,919,0,false,14,0.6,0.2739,0.4075,1476.7,66724,66759,0
NWolfCreek(blue)_SHB_12.11.2025,SHB,924,0,false,7,0.12,0.3604,0.4159,552.1,68048,68054,0
NWolfCreek(blue)_SHB_12.11.2025,SHB,928,0,false,13,0.22,0.372,0.4327,489.4,68103,68115,0
NWolfCreek(orange)_SHB_12.11.2025_LS,SHB,1059,0,false,23,0.43,0.4361,0.6697,1010.3,1683,1708,0
NWolfCreek(orange)_SHB_12.11.2025_LS,SHB,1061,0,false,8,0.13,0.5989,0.7209,930.3,1712,1719,0
NWolfCreek(orange)_SHB_12.11.2025_LS,SHB,1063,1,primary,9,0.15,0.5292,0.5919,481.5,2839,2847,9
NWolfCreek(orange)_SHB_12.11.2025_LS,SHB,1091,1,primary,17,0.33,0.4762,0.643,1224.8,7084,7103,16
NWolfCreek(orange)_SHB_12.11.2025_LS,SHB,1093,1,primary,58,1.13,0.6174,0.7416,1389.6,7195,7262,55
NWolfCreek(orange)_SHB_12.11.2025_LS,SHB,1094,1,primary,60,1.13,0.5765,0.7813,2581.8,7236,7303,53
NWolfCreek(orange)_SHB_12.11.2025_LS,SHB,1098,0,duplicate,15,0.53,0.422,0.5486,893.1,7254,7285,10
NWolfCreek(orange)_SHB_12.11.2025_LS,SHB,1099,1,primary,30,0.55,0.6197,0.779,2802.0,7258,7290,30
NWolfCreek(orange)_SHB_12.11.2025_LS,SHB,1100,1,primary,9,0.17,0.3613,0.5033,1196.1,7268,7277,2
NWolfCreek(orange)_SHB_12.11.2025_LS,SHB,1110,0,false,7,0.12,0.4819,0.5779,781.4,8341,8347,0
NWolfCreek(orange)_SHB_12.11.2025_LS,SHB,1112,0,duplicate,3,0.05,0.4212,0.4212,384.0,8353,8355,3
NWolfCreek(orange)_SHB_12.11.2025_LS,SHB,1115,1,primary,96,1.65,0.5526,0.7217,1078.2,8380,8478,94
NatureTrail_TON_12.03.25_LS,TON,1461,1,primary,65,1.38,0.5766,0.752,1050.4,2680,2762,58
NatureTrail_TON_12.03.25_LS,TON,1464,1,primary,61,1.05,0.6021,0.7599,1276.0,2693,2755,51
NatureTrail_TON_12.03.25_LS,TON,1468,1,primary,25,0.42,0.5092,0.6612,800.8,2716,2740,23
NatureTrail_TON_12.03.25_LS,TON,1476,1,primary,21,1.17,0.6354,0.7639,1417.5,2761,2830,18
NatureTrail_TON_12.03.25_LS,TON,1477,0,duplicate,3,0.05,0.3567,0.3567,1131.6,2769,2771,3
NatureTrail_TON_12.03.25_LS,TON,1480,0,duplicate,13,0.22,0.4553,0.5864,970.1,2774,2786,13
NatureTrail_TON_12.03.25_LS,TON,1481,0,false,4,0.07,0.4027,0.4027,1064.3,2775,2778,0
NatureTrail_TON_12.03.25_LS,TON,1487,0,duplicate,9,0.15,0.6106,0.6656,1237.2,2780,2788,9
NatureTrail_TON_12.03.25_LS,TON,1496,0,duplicate,9,0.15,0.483,0.565,1202.8,2803,2811,9
NatureTrail_TON_12.03.25_LS,TON,1500,0,false,9,0.17,0.5249,0.6576,1065.8,2843,2852,0
NatureTrail_TON_12.03.25_LS,TON,1502,1,primary,14,0.23,0.5884,0.6984,553.2,2849,2862,14
NatureTrail_TON_12.03.25_LS,TON,1504,1,primary,7,0.12,0.5049,0.5881,923.3,2873,2879,2
NatureTrail_TON_12.03.25_LS,TON,1516,0,false,3,0.05,0.4097,0.4097,2422.7,6807,6809,0
NatureTrail_TON_12.03.25_LS,TON,1533,1,primary,62,1.27,0.5088,0.6672,653.4,8294,8369,47
NatureTrail_TON_12.03.25_LS,TON,1535,0,duplicate,24,0.4,0.6352,0.6929,734.8,9504,9527,24
NatureTrail_TON_12.03.25_LS,TON,1537,1,primary,28,0.58,0.5497,0.6582,739.4,9549,9583,28
NatureTrail_TON_12.03.25_LS,TON,1542,1,primary,5,0.12,0.3275,0.3275,860.8,9614,9620,3
NatureTrail_TON_12.03.25_LS,TON,1544,0,false,20,0.8,0.3276,0.4419,692.8,10023,10070,0
NatureTrail_TON_12.03.25_LS,TON,1547,0,duplicate,17,0.28,0.4182,0.4676,715.9,10057,10073,3
NatureTrail_TON_12.03.25_LS,TON,1549,0,duplicate,25,0.42,0.4564,0.647,788.4,10110,10134,25
NatureTrail_TON_12.03.25_LS,TON,1557,1,primary,32,1.68,0.3297,0.4848,802.9,10204,10304,32
NatureTrail_TON_12.03.25_LS,TON,1576,1,primary,12,0.2,0.6055,0.6826,977.9,11479,11490,5
NatureTrail_TON_12.03.25_LS,TON,1592,0,false,13,0.22,0.3863,0.5026,518.2,17237,17249,0
NatureTrail_TON_12.03.25_LS,TON,1599,1,primary,15,0.35,0.3439,0.4781,594.0,17273,17293,11
NatureTrail_TON_12.03.25_LS,TON,1601,0,false,8,0.13,0.4478,0.57,485.2,17595,17602,0
NatureTrail_TON_12.03.25_LS,TON,1605,0,false,6,0.1,0.2799,0.3139,1284.0,18216,18221,0
OikosRd_TON_12.03.25_LS,TON,352,0,false,23,0.38,0.2837,0.3877,1455.8,526,548,0
OikosRd_TON_12.03.25_LS,TON,355,0,false,7,0.3,0.4036,0.5019,1463.4,1318,1335,0
OikosRd_TON_12.03.25_LS,TON,356,0,false,10,0.17,0.5499,0.6218,1565.2,1338,1347,0
OikosRd_TON_12.03.25_LS,TON,385,1,primary,14,0.32,0.5874,0.7485,5995.7,4899,4917,14
OikosRd_TON_12.03.25_LS,TON,393,1,primary,15,0.28,0.6579,0.7766,3979.2,4924,4940,15
OikosRd_TON_12.03.25_LS,TON,396,0,duplicate,6,0.2,0.5545,0.6175,2303.2,4942,4953,6
OikosRd_TON_12.03.25_LS,TON,448,0,false,6,0.1,0.4747,0.4976,611.3,9424,9429,0
OikosRd_TON_12.03.25_LS,TON,459,0,false,3,0.05,0.3198,0.3198,717.0,12001,12003,0
Robinson_SHW_01.18.2026_LS,SHW,946,0,false,3,0.05,0.3419,0.3419,864.0,2265,2267,0
Robinson_SHW_01.18.2026_LS,SHW,950,0,duplicate,16,0.27,0.5067,0.6073,1991.0,2287,2302,12
Robinson_SHW_01.18.2026_LS,SHW,952,1,primary,14,0.4,0.5599,0.7071,2403.6,2339,2362,14
Robinson_SHW_01.18.2026_LS,SHW,954,0,false,10,0.43,0.3011,0.4155,853.8,2357,2382,0
Robinson_SHW_01.18.2026_LS,SHW,958,0,duplicate,3,0.05,0.3685,0.3685,1680.6,2374,2376,3
Robinson_SHW_01.18.2026_LS,SHW,960,0,duplicate,3,0.05,0.3285,0.3285,726.6,2391,2393,3
Robinson_SHW_01.18.2026_LS,SHW,1007,0,false,7,0.12,0.4168,0.5002,1865.1,11146,11152,0
Robinson_SHW_01.18.2026_LS,SHW,1017,0,false,14,0.28,0.3155,0.4191,816.4,13645,13661,0
Robinson_SHW_01.18.2026_LS,SHW,1026,1,primary,64,1.07,0.686,0.798,9224.6,14706,14769,53
Robinson_SHW_01.18.2026_LS,SHW,1028,1,primary,190,3.19,0.6529,0.7462,1998.7,14719,14909,178
Robinson_SHW_01.18.2026_LS,SHW,1032,1,primary,20,0.33,0.5345,0.7299,9639.6,14804,14823,20
Robinson_SHW_01.18.2026_LS,SHW,1035,1,primary,40,0.67,0.5757,0.7164,10045.1,14833,14872,40
Robinson_SHW_01.18.2026_LS,SHW,1041,1,primary,69,1.18,0.6508,0.7775,7191.3,14846,14916,61
Robinson_SHW_01.18.2026_LS,SHW,1043,0,false,5,0.08,0.3991,0.3991,452.5,14865,14869,0
Robinson_SHW_01.18.2026_LS,SHW,1045,0,false,24,0.47,0.5207,0.6721,410.8,14892,14919,0
Robinson_SHW_01.18.2026_LS,SHW,1048,0,false,34,0.77,0.416,0.5239,525.0,14924,14969,0
Robinson_SHW_01.18.2026_LS,SHW,1052,0,false,11,0.25,0.2701,0.3626,473.9,14942,14956,0
Robinson_SHW_01.18.2026_LS,SHW,1053,0,false,3,0.05,0.3444,0.3444,594.4,14948,14950,0
Robinson_SHW_01.18.2026_LS,SHW,1055,0,false,6,0.1,0.299,0.3205,516.6,14965,14970,0
Robinson_SHW_01.18.2026_LS,SHW,1057,0,false,17,0.7,0.4516,0.5603,561.3,15007,15048,0
Robinson_SHW_01.18.2026_LS,SHW,1059,0,false,13,0.22,0.338,0.4407,1296.0,15083,15095,0
Robinson_SHW_01.18.2026_LS,SHW,1081,0,false,4,0.07,0.5444,0.5444,1693.0,15539,15542,0
Robinson_SHW_01.18.2026_LS,SHW,1083,0,false,4,0.07,0.4448,0.4448,850.5,15590,15593,0
Robinson_SHW_01.18.2026_LS,SHW,1119,0,false,6,0.1,0.3842,0.4269,3306.6,17558,17563,0
SBassett_SHW_01.18.2026_LS,SHW,1140,0,false,4,0.07,0.5113,0.5113,3612.9,799,802,0
SBassett_SHW_01.18.2026_LS,SHW,1141,0,false,3,0.05,0.381,0.381,2835.6,1039,1041,0
SBassett_SHW_01.18.2026_LS,SHW,1143,0,false,4,0.07,0.4123,0.4123,8351.2,1042,1045,0
SBassett_SHW_01.18.2026_LS,SHW,1146,0,false,5,0.08,0.2477,0.2477,1356.0,1072,1076,0
SBassett_SHW_01.18.2026_LS,SHW,1148,0,false,3,0.05,0.4755,0.4755,1778.9,1169,1171,0
SBassett_SHW_01.18.2026_LS,SHW,1233,0,false,3,0.05,0.3708,0.3708,1603.9,7336,7338,0
SBassett_SHW_01.18.2026_LS,SHW,1246,1,primary,81,1.35,0.6681,0.7285,889.3,8127,8207,69
SBassett_SHW_01.18.2026_LS,SHW,1247,1,primary,68,1.15,0.6182,0.7008,510.0,8157,8225,56
SBassett_SHW_01.18.2026_LS,SHW,1251,1,primary,64,1.07,0.6663,0.7229,577.7,8163,8226,56
SBassett_SHW_01.18.2026_LS,SHW,1292,0,false,11,0.45,0.3622,0.5232,2907.4,8621,8647,0
SBassett_SHW_01.18.2026_LS,SHW,1295,0,false,5,0.17,0.588,0.588,4627.8,8631,8640,0
SBassett_SHW_01.18.2026_LS,SHW,1303,0,false,8,0.37,0.5246,0.6177,4046.0,8649,8670,0
SBassett_SHW_01.18.2026_LS,SHW,1321,0,false,17,0.48,0.4672,0.6142,1097.2,8700,8728,0
SBassett_SHW_01.18.2026_LS,SHW,1327,0,false,4,0.08,0.5658,0.5658,3367.8,8719,8723,0
SBassett_SHW_01.18.2026_LS,SHW,1332,0,false,6,0.12,0.4806,0.524,3320.0,8726,8732,0
SBassett_SHW_01.18.2026_LS,SHW,1333,0,false,3,0.1,0.4464,0.4464,1165.7,8726,8731,0
SBassett_SHW_01.18.2026_LS,SHW,1337,0,false,7,0.12,0.4767,0.5573,2120.7,8748,8754,0
SBassett_SHW_01.18.2026_LS,SHW,1338,0,false,22,0.5,0.4098,0.5804,2226.1,8772,8801,0
SBassett_SHW_01.18.2026_LS,SHW,1340,0,false,8,0.25,0.4197,0.4956,633.8,8956,8970,0
SBassett_SHW_01.18.2026_LS,SHW,1345,0,false,3,0.05,0.4529,0.4529,1501.5,8968,8970,0
SBassett_SHW_01.18.2026_LS,SHW,1350,0,false,4,0.07,0.5342,0.5342,2353.1,8999,9002,0
SBassett_SHW_01.18.2026_LS,SHW,1355,0,false,19,0.42,0.3573,0.5211,967.9,9016,9040,0
SBassett_SHW_01.18.2026_LS,SHW,1358,0,false,7,0.33,0.5252,0.5873,3524.0,9018,9037,0
SBassett_SHW_01.18.2026_LS,SHW,1361,0,false,53,1.17,0.5841,0.7578,2964.9,9019,9088,0
SBassett_SHW_01.18.2026_LS,SHW,1372,0,false,12,0.2,0.4696,0.6085,803.1,9058,9069,0
SBassett_SHW_01.18.2026_LS,SHW,1412,0,false,20,0.33,0.5676,0.6881,1084.5,13684,13703,0
SBassett_SHW_01.18.2026_LS,SHW,1425,1,primary,34,0.58,0.6323,0.7198,1390.9,14759,14793,25
SBassett_SHW_01.18.2026_LS,SHW,1426,1,primary,16,0.32,0.5746,0.6744,1329.8,14762,14780,9
SBassett_SHW_01.18.2026_LS,SHW,1428,1,primary,11,0.22,0.5834,0.6589,1360.2,14764,14776,10
SBassett_SHW_01.18.2026_LS,SHW,1431,0,duplicate,23,0.43,0.5667,0.6934,1233.8,14768,14793,13
SBassett_SHW_01.18.2026_LS,SHW,1435,0,duplicate,15,0.82,0.4811,0.6263,1353.5,14781,14829,13
SBassett_SHW_01.18.2026_LS,SHW,1438,0,duplicate,7,0.12,0.7104,0.7216,1314.0,14787,14793,3
SBassett_SHW_01.18.2026_LS,SHW,1440,1,primary,24,0.4,0.5731,0.6841,1472.4,14796,14819,24
SBassett_SHW_01.18.2026_LS,SHW,1441,1,primary,32,0.63,0.6146,0.7388,1250.0,14796,14833,30
SBassett_SHW_01.18.2026_LS,SHW,1442,1,primary,60,1.12,0.6835,0.7745,1376.7,14796,14862,56
SBassett_SHW_01.18.2026_LS,SHW,1443,0,duplicate,16,0.27,0.672,0.7241,1526.0,14796,14811,14
SBassett_SHW_01.18.2026_LS,SHW,1450,0,duplicate,11,0.18,0.3809,0.4669,1504.7,14830,14840,2
SBassett_SHW_01.18.2026_LS,SHW,1463,0,false,14,0.3,0.4956,0.6868,1141.8,15907,15924,0
SBassett_SHW_01.18.2026_LS,SHW,1470,0,false,3,0.05,0.3396,0.3396,524.7,17299,17301,0
SBassett_SHW_01.18.2026_LS,SHW,1473,0,false,4,0.07,0.4012,0.4012,660.0,17336,17339,0
SBassett_SHW_01.18.2026_LS,SHW,1474,0,false,5,0.1,0.4369,0.4369,2491.4,17390,17395,0
SBassett_SHW_01.18.2026_LS,SHW,1476,0,false,5,0.08,0.5309,0.5309,1139.9,17462,17466,0
SBassett_SHW_01.18.2026_LS,SHW,1515,0,false,14,0.23,0.5744,0.6942,707.9,19883,19896,0
SBassett_SHW_01.18.2026_LS,SHW,1518,1,primary,28,0.48,0.5271,0.6888,755.7,19900,19928,24
SBassett_SHW_01.18.2026_LS,SHW,1520,0,duplicate,30,0.57,0.4799,0.596,793.8,19970,20003,8
SBassett_SHW_01.18.2026_LS,SHW,1524,0,false,7,0.43,0.4298,0.5099,2758.6,20099,20124,0
SHog_SHW_01.18.2026_LS,SHW,1626,0,false,9,0.23,0.3365,0.4123,674.2,4668,4681,0
SHog_SHW_01.18.2026_LS,SHW,1631,1,primary,19,0.32,0.5727,0.6502,821.3,4692,4710,18
SHog_SHW_01.18.2026_LS,SHW,1635,1,primary,10,0.18,0.4867,0.6339,874.9,4702,4712,10
SHog_SHW_01.18.2026_LS,SHW,1641,1,primary,80,1.33,0.6586,0.7234,2596.4,5122,5201,60
SHog_SHW_01.18.2026_LS,SHW,1643,1,primary,79,1.33,0.6229,0.7308,1724.5,5127,5206,59
SHog_SHW_01.18.2026_LS,SHW,1676,0,false,4,0.07,0.5856,0.5856,911.9,8528,8531,0
SHog_SHW_01.18.2026_LS,SHW,1677,0,false,3,0.05,0.5343,0.5343,796.4,8535,8537,0
SHog_SHW_01.18.2026_LS,SHW,1685,0,duplicate,22,1.05,0.5802,0.7105,1274.2,8563,8625,9
SHog_SHW_01.18.2026_LS,SHW,1686,1,primary,28,0.47,0.6982,0.7356,1185.9,8588,8615,28
SHog_SHW_01.18.2026_LS,SHW,1690,1,primary,55,0.97,0.7482,0.8356,5193.9,8714,8771,35
SHog_SHW_01.18.2026_LS,SHW,1717,0,duplicate,5,0.12,0.4876,0.4876,1645.3,11614,11620,3
SHog_SHW_01.18.2026_LS,SHW,1719,1,primary,5,0.13,0.5532,0.5532,1790.2,11623,11630,5
SHog_SHW_01.18.2026_LS,SHW,1744,0,false,7,0.13,0.3627,0.4462,2966.1,15744,15751,0
SIron_SHW_01.18.2026_LS,SHW,492,0,false,4,0.07,0.2494,0.2494,652.7,2981,2984,0
SIron_SHW_01.18.2026_LS,SHW,497,0,false,3,0.05,0.247,0.247,1278.7,3466,3468,0
SIron_SHW_01.18.2026_LS,SHW,503,0,false,19,0.32,0.3794,0.4715,1987.3,4022,4040,0
SIron_SHW_01.18.2026_LS,SHW,547,1,primary,6,0.1,0.3883,0.4358,1610.4,6577,6582,6
SIron_SHW_01.18.2026_LS,SHW,563,0,false,5,0.08,0.3417,0.3417,1857.7,7855,7859,0
SIron_SHW_01.18.2026_LS,SHW,564,0,false,5,0.08,0.3024,0.3024,1018.8,7899,7903,0
SIron_SHW_01.18.2026_LS,SHW,585,0,false,5,0.08,0.4672,0.4672,1679.0,8060,8064,0
SIron_SHW_01.18.2026_LS,SHW,604,0,false,4,0.07,0.3253,0.3253,648.2,8086,8089,0
SIron_SHW_01.18.2026_LS,SHW,607,0,false,6,0.1,0.4142,0.4751,842.9,8092,8097,0
SIron_SHW_01.18.2026_LS,SHW,608,0,false,11,0.2,0.4749,0.5914,3806.6,8096,8107,0
SIron_SHW_01.18.2026_LS,SHW,609,0,false,16,0.27,0.635,0.7403,1764.0,8105,8120,0
SIron_SHW_01.18.2026_LS,SHW,650,0,false,10,0.23,0.4371,0.4867,484.6,9596,9609,0
SIron_SHW_01.18.2026_LS,SHW,689,0,false,9,0.17,0.455,0.5565,1776.7,11821,11830,0
SIron_SHW_01.18.2026_LS,SHW,721,0,false,5,0.08,0.645,0.645,1168.2,12676,12680,0
SIron_SHW_01.18.2026_LS,SHW,734,0,false,16,0.32,0.4367,0.6266,8844.6,13593,13611,0
SIron_SHW_01.18.2026_LS,SHW,742,0,false,30,0.67,0.5807,0.7155,5082.9,13624,13663,0
SIron_SHW_01.18.2026_LS,SHW,789,0,false,3,0.05,0.283,0.283,2022.0,14432,14434,0
SIron_SHW_01.18.2026_LS,SHW,803,0,false,8,0.13,0.431,0.5672,1963.5,14552,14559,0
SIron_SHW_01.18.2026_LS,SHW,814,0,false,3,0.05,0.5518,0.5518,2477.7,14756,14758,0
TouchofNatureRd_TON_12.03.25_LS,TON,1132,0,false,3,0.05,0.3203,0.3203,908.7,1936,1938,0
TouchofNatureRd_TON_12.03.25_LS,TON,1137,0,false,6,0.1,0.2109,0.2307,1663.2,2002,2007,0
TouchofNatureRd_TON_12.03.25_LS,TON,1139,0,false,10,0.17,0.3348,0.4406,1892.9,2022,2031,0
TouchofNatureRd_TON_12.03.25_LS,TON,1141,0,false,5,0.08,0.4161,0.4161,1222.5,2046,2050,0
TouchofNatureRd_TON_12.03.25_LS,TON,1146,0,false,3,0.05,0.3507,0.3507,1170.9,2172,2174,0
TouchofNatureRd_TON_12.03.25_LS,TON,1154,1,primary,37,0.63,0.4331,0.6407,1037.0,2718,2755,37
TouchofNatureRd_TON_12.03.25_LS,TON,1159,0,duplicate,3,0.05,0.504,0.504,845.4,2789,2791,3
TouchofNatureRd_TON_12.03.25_LS,TON,1164,0,false,3,0.05,0.3827,0.3827,1633.8,2898,2900,0
TouchofNatureRd_TON_12.03.25_LS,TON,1179,0,false,7,0.15,0.3377,0.3656,653.4,7351,7359,0
TouchofNatureRd_TON_12.03.25_LS,TON,1182,0,false,5,0.08,0.336,0.336,861.3,7810,7814,0
TouchofNatureRd_TON_12.03.25_LS,TON,1185,0,false,7,0.13,0.4722,0.5307,865.4,7832,7839,0
TouchofNatureRd_TON_12.03.25_LS,TON,1195,0,false,5,0.08,0.333,0.333,1300.3,9724,9728,0
Upper40_TON_12.03.25_LS,TON,1573,0,false,30,0.53,0.5564,0.6845,1115.7,2423,2454,0
Upper40_TON_12.03.25_LS,TON,1629,0,false,6,0.1,0.6091,0.6932,558.7,5518,5523,0
Upper40_TON_12.03.25_LS,TON,1635,0,duplicate,35,1.05,0.3278,0.4569,526.8,6564,6626,13
Upper40_TON_12.03.25_LS,TON,1640,1,primary,38,0.63,0.292,0.4028,594.8,6577,6614,32
UpperRichland_SHW_01.18.2026_LS,SHW,1757,0,false,4,0.07,0.2342,0.2342,884.9,184,187,0
UpperRichland_SHW_01.18.2026_LS,SHW,1765,0,false,21,0.39,0.5794,0.6971,1934.5,1780,1802,0
UpperRichland_SHW_01.18.2026_LS,SHW,1791,0,false,4,0.07,0.4234,0.4234,864.5,4602,4605,0
UpperRichland_SHW_01.18.2026_LS,SHW,1831,0,false,4,0.1,0.5077,0.5077,670.0,8375,8380,0
WhoopieCatDam_SHW_01.18.2026_LS,SHW,863,0,duplicate,46,0.88,0.6299,0.7746,1794.9,2842,2894,27
WhoopieCatDam_SHW_01.18.2026_LS,SHW,868,1,primary,94,1.65,0.6326,0.7887,2000.7,2915,3013,91
WolfCreekRd_SHB_12.11.2025_LS,SHB,1203,0,duplicate,17,0.3,0.547,0.6776,929.0,1991,2008,8
WolfCreekRd_SHB_12.11.2025_LS,SHB,1212,1,primary,17,0.28,0.7063,0.7444,923.2,2023,2039,17
WolfCreekRd_SHB_12.11.2025_LS,SHB,1215,1,primary,10,0.17,0.5897,0.6527,888.2,2027,2036,10
WolfCreekRd_SHB_12.11.2025_LS,SHB,1224,0,duplicate,12,0.2,0.5351,0.6821,979.4,2051,2062,4
WolfCreekRd_SHB_12.11.2025_LS,SHB,1228,1,primary,38,0.63,0.652,0.7224,804.1,2125,2162,25
WolfCreekRd_SHB_12.11.2025_LS,SHB,1230,0,duplicate,35,0.58,0.6695,0.7677,652.6,2130,2164,24
WolfCreekRd_SHB_12.11.2025_LS,SHB,1255,0,false,130,2.19,0.4577,0.6814,737.4,6699,6829,0
WolfCreekRd_SHB_12.11.2025_LS,SHB,1258,0,false,9,0.15,0.4177,0.4786,756.4,6861,6869,0
WolfCreekRd_SHB_12.11.2025_LS,SHB,1259,0,false,48,0.9,0.3622,0.6613,817.9,6888,6941,0
WolfCreekRd_SHB_12.11.2025_LS,SHB,1265,0,false,40,0.67,0.4591,0.6448,1037.6,7072,7111,0
WolfCreekRd_SHB_12.11.2025_LS,SHB,1267,0,false,14,0.5,0.3021,0.4363,351.7,7572,7601,0
WolfCreekRd_SHB_12.11.2025_LS,SHB,1270,0,false,8,0.13,0.3075,0.3799,390.7,7653,7660,0
WolfCreekRd_SHB_12.11.2025_LS,SHB,1276,0,false,3,0.08,0.3577,0.3577,1080.8,8453,8457,0
WolfCreekRd_SHB_12.11.2025_LS,SHB,1279,0,false,13,0.4,0.5524,0.6838,2193.9,8552,8575,0
WolfCreekRd_SHB_12.11.2025_LS,SHB,1280,0,false,7,0.12,0.3683,0.4673,617.3,8554,8560,0
WolfCreekRd_SHB_12.11.2025_LS,SHB,1283,0,false,12,0.2,0.3008,0.4142,608.1,8847,8858,0
