video,key,site,transect,visit,date,side,n_events,event_seconds
EMarseilles_MAS_12.22.25_LS.mp4,MAS__EMarseilles_v1_LS,MAS,EMarseilles,1,12.22.25,LS,16,274.2
N2379Rd_MAS_12.22.25_LS.mp4,MAS__N2379Rd_v1_LS,MAS,N2379Rd,1,12.22.25,LS,17,306.0
N25thRdBlue_MAS_12.22.25_LS.mp4,MAS__N25thRdBlue_v1_LS,MAS,N25thRdBlue,1,12.22.25,LS,15,229.1
N25thRdOrange_MAS_12.22.25_LS.mp4,MAS__N25thRdOrange_v1_LS,MAS,N25thRdOrange,1,12.22.25,LS,9,92.3
NMarseillesRd_MAS_12.22.25_LS.mp4,MAS__NMarseillesRd_v1_LS,MAS,NMarseillesRd,1,12.22.25,LS,5,258.0
WMarseilles_MAS_12.22.25_LS.mp4,MAS__WMarseilles_v1_LS,MAS,WMarseilles,1,12.22.25,LS,45,399.6
EMarseilles_MAS_12.22.25_LS.mp4,MAS__EMarseilles_v2_LS,MAS,EMarseilles,2,12.22.25,LS,15,170.4
N2379Rd_MAS_12.22.25_LS.mp4,MAS__N2379Rd_v2_LS,MAS,N2379Rd,2,12.22.25,LS,27,266.7
N25thBlue_MAS_12.22.25_LS.mp4,MAS__N25thBlue_v2_LS,MAS,N25thBlue,2,12.22.25,LS,24,362.0
N25thRdOrange_MAS_12.22.25_LS.mp4,MAS__N25thRdOrange_v2_LS,MAS,N25thRdOrange,2,12.22.25,LS,1,131.9
NMarseilles_MAS_12.22.25_LS.mp4,MAS__NMarseilles_v2_LS,MAS,NMarseilles,2,12.22.25,LS,1,150.1
WMarseilles_MAS_12.22.25_LS.mp4,MAS__WMarseilles_v2_LS,MAS,WMarseilles,2,12.22.25,LS,40,475.6
EagleCreekDrEtc_SHB_12.11.2025_LS.mp4,SHB__EagleCreekDrEtc_v1_LS,SHB,EagleCreekDrEtc,1,12.11.2025,LS,25,315.3
GolfDr_SHB_12.11.2025.mp4,SHB__GolfDr_v1_LS,SHB,GolfDr,1,12.11.2025,LS,12,157.2
NShelbyRd(blue)_SHB_12.11.2025_LS.mp4,SHB__NShelbyRdblue_v1_LS,SHB,NShelbyRd(blue),1,12.11.2025,LS,21,131.6
NShelbyRd(green)_SHB_12.11.2025.mp4,SHB__NShelbyRdgreen_v1_LS,SHB,NShelbyRd(green),1,12.11.2025,LS,15,35.5
NShelbyRd(pink)_SHB_12.11.2025_LS.mp4,SHB__NShelbyRdpink_v1_LS,SHB,NShelbyRd(pink),1,12.11.2025,LS,21,61.1
NWolfCreek(blue)_SHB_12.11.2025.mp4,SHB__NWolfCreekblue_v1_LS,SHB,NWolfCreek(blue),1,12.11.2025,LS,151,676.5
NWolfCreek(orange)_SHB_12.11.2025_LS.mp4,SHB__NWolfCreekorange_v1_LS,SHB,NWolfCreek(orange),1,12.11.2025,LS,18,28.2
OverlookDr_SHB_12.11.2025_LS.mp4,SHB__OverlookDr_v1_LS,SHB,OverlookDr,1,12.11.2025,LS,37,73.0
RedFoxLn_SHB_12.11.2025_LS.mp4,SHB__RedFoxLn_v1_LS,SHB,RedFoxLn,1,12.11.2025,LS,138,1044.5
WolfCreekRd_SHB_12.11.2025_LS.mp4,SHB__WolfCreekRd_v1_LS,SHB,WolfCreekRd,1,12.11.2025,LS,19,87.2
HogThief_SHW_01.18.2026_LS.mp4,SHW__HogThief_v1_LS,SHW,HogThief,1,01.18.2026,LS,57,273.8
LowerRichland_SHW_01.18.2026_LS.mp4,SHW__LowerRichland_v1_LS,SHW,LowerRichland,1,01.18.2026,LS,149,498.4
Melvin_SHW_01.18.2026_LS.mp4,SHW__Melvin_v1_LS,SHW,Melvin,1,01.18.2026,LS,25,177.9
NBassett_SHW_01.18.2026_LS.mp4,SHW__NBassett_v1_LS,SHW,NBassett,1,01.18.2026,LS,61,294.9
NIron_SHW_01.18.2026_LS.mp4,SHW__NIron_v1_LS,SHW,NIron,1,01.18.2026,LS,83,224.4
PleasantHick_SHW_01.18.2026_LS.mp4,SHW__PleasantHick_v1_LS,SHW,PleasantHick,1,01.18.2026,LS,156,684.7
Robinson_SHW_01.18.2026_LS.mp4,SHW__Robinson_v1_LS,SHW,Robinson,1,01.18.2026,LS,41,143.8
SBassett_SHW_01.18.2026_LS.mp4,SHW__SBassett_v1_LS,SHW,SBassett,1,01.18.2026,LS,34,190.4
SHog_SHW_01.18.2026_LS.mp4,SHW__SHog_v1_LS,SHW,SHog,1,01.18.2026,LS,18,235.6
SIron_SHW_01.18.2026_LS.mp4,SHW__SIron_v1_LS,SHW,SIron,1,01.18.2026,LS,20,183.8
UpperRichland_SHW_01.18.2026_LS.mp4,SHW__UpperRichland_v1_LS,SHW,UpperRichland,1,01.18.2026,LS,24,54.5
WhoopieCatDam_SHW_01.18.2026_LS.mp4,SHW__WhoopieCatDam_v1_LS,SHW,WhoopieCatDam,1,01.18.2026,LS,14,28.1
AquaCultureRd_TON_12.03.25_LS.mp4,TON__AquaCultureRd_v1_LS,TON,AquaCultureRd,1,12.03.25,LS,4,324.0
ChipsRd_TON_12.03.25_LS.mp4,TON__ChipsRd_v1_LS,TON,ChipsRd,1,12.03.25,LS,1,162.3
FernRidgeRd_TON_12.03.25_LS.mp4,TON__FernRidgeRd_v1_LS,TON,FernRidgeRd,1,12.03.25,LS,1,582.6
GiantCityRd_TON_12.03.25_LS.mp4,TON__GiantCityRd_v1_LS,TON,GiantCityRd,1,12.03.25,LS,37,128.4
NatureTrail_TON_12.03.25_LS.mp4,TON__NatureTrail_v1_LS,TON,NatureTrail,1,12.03.25,LS,26,278.6
OikosRd_TON_12.03.25_LS.mp4,TON__OikosRd_v1_LS,TON,OikosRd,1,12.03.25,LS,16,235.4
TouchofNatureRd_TON_12.03.25_LS.mp4,TON__TouchofNatureRd_v1_LS,TON,TouchofNatureRd,1,12.03.25,LS,1,162.2
Upper40_TON_12.03.25_LS.mp4,TON__Upper40_v1_LS,TON,Upper40,1,12.03.25,LS,20,65.0
