video,site,track_id,first_frame,last_frame,first_s,last_s,n_frames,span_s,mean_conf,topk_conf,mean_box_px,confirmed
ChipsRd_TON_12.03.25_LS,TON,15,1236,1266,20.6,21.1,30,0.52,0.5014,0.7044,1488.5,1
ChipsRd_TON_12.03.25_LS,TON,9,1093,1109,18.22,18.48,13,0.28,0.6965,0.7486,1398.2,0
ChipsRd_TON_12.03.25_LS,TON,6,490,490,8.17,8.17,1,0.02,0.5951,0.5951,741.2,0
ChipsRd_TON_12.03.25_LS,TON,29,3209,3209,53.48,53.48,1,0.02,0.426,0.426,362.9,0
ChipsRd_TON_12.03.25_LS,TON,39,5079,5079,84.65,84.65,1,0.02,0.3941,0.3941,1000.7,0
ChipsRd_TON_12.03.25_LS,TON,41,7104,7104,118.4,118.4,1,0.02,0.388,0.388,626.2,0
ChipsRd_TON_12.03.25_LS,TON,1,18,21,0.3,0.35,4,0.07,0.3405,0.3405,614.4,0
ChipsRd_TON_12.03.25_LS,TON,32,3293,3297,54.88,54.95,5,0.08,0.2632,0.2632,487.6,0
FernRidgeRd_TON_12.03.25_LS,TON,577,33880,34090,564.66,568.16,162,3.52,0.662,0.8684,616.0,1
FernRidgeRd_TON_12.03.25_LS,TON,578,33885,34069,564.74,567.81,174,3.08,0.6388,0.7996,689.7,1
FernRidgeRd_TON_12.03.25_LS,TON,631,34761,34829,579.34,580.48,69,1.15,0.7267,0.797,1211.9,1
FernRidgeRd_TON_12.03.25_LS,TON,570,33697,33881,561.61,564.68,172,3.08,0.663,0.7878,669.6,1
FernRidgeRd_TON_12.03.25_LS,TON,623,34631,34734,577.18,578.89,76,1.73,0.5974,0.777,1263.8,1
FernRidgeRd_TON_12.03.25_LS,TON,212,12084,12159,201.4,202.65,65,1.27,0.7046,0.7708,1468.8,1
FernRidgeRd_TON_12.03.25_LS,TON,268,14542,14625,242.36,243.75,81,1.4,0.6436,0.7665,951.8,1
FernRidgeRd_TON_12.03.25_LS,TON,229,12674,12730,211.23,212.16,51,0.95,0.6421,0.7521,750.8,1
FernRidgeRd_TON_12.03.25_LS,TON,226,12578,12657,209.63,210.95,75,1.33,0.6113,0.7511,860.4,1
FernRidgeRd_TON_12.03.25_LS,TON,77,4152,4265,69.2,71.08,96,1.9,0.6104,0.7361,547.0,1
FernRidgeRd_TON_12.03.25_LS,TON,214,12135,12241,202.25,204.01,96,1.78,0.6001,0.7226,455.4,1
FernRidgeRd_TON_12.03.25_LS,TON,612,34266,34335,571.09,572.24,58,1.17,0.5387,0.7168,1017.6,1
FernRidgeRd_TON_12.03.25_LS,TON,605,34216,34254,570.26,570.89,32,0.65,0.5014,0.7156,1053.5,1
FernRidgeRd_TON_12.03.25_LS,TON,263,14419,14524,240.31,242.06,106,1.77,0.6291,0.7099,920.0,1
FernRidgeRd_TON_12.03.25_LS,TON,239,12923,12973,215.38,216.21,13,0.85,0.5838,0.7034,706.9,1
FernRidgeRd_TON_12.03.25_LS,TON,621,34623,34694,577.04,578.23,61,1.2,0.5396,0.6922,541.9,1
FernRidgeRd_TON_12.03.25_LS,TON,232,12749,12800,212.48,213.33,34,0.87,0.5153,0.6845,791.5,1
FernRidgeRd_TON_12.03.25_LS,TON,147,7221,7318,120.35,121.96,73,1.63,0.4938,0.6666,428.9,1
FernRidgeRd_TON_12.03.25_LS,TON,117,5715,5876,95.25,97.93,102,2.7,0.4628,0.6656,388.9,1
FernRidgeRd_TON_12.03.25_LS,TON,396,23137,23167,385.61,386.11,30,0.52,0.5553,0.6473,1373.9,1
FernRidgeRd_TON_12.03.25_LS,TON,549,31972,32011,532.86,533.51,37,0.67,0.5659,0.643,183.8,1
FernRidgeRd_TON_12.03.25_LS,TON,260,14245,14282,237.41,238.03,20,0.63,0.4642,0.642,909.4,1
FernRidgeRd_TON_12.03.25_LS,TON,462,28026,28064,467.09,467.73,27,0.65,0.4413,0.6396,617.5,1
FernRidgeRd_TON_12.03.25_LS,TON,243,12975,12993,216.25,216.55,15,0.32,0.4384,0.6205,968.7,1
FernRidgeRd_TON_12.03.25_LS,TON,501,30918,31031,515.29,517.18,96,1.9,0.3902,0.6158,380.3,1
FernRidgeRd_TON_12.03.25_LS,TON,491,30636,30759,510.59,512.64,116,2.07,0.4885,0.6139,360.4,1
FernRidgeRd_TON_12.03.25_LS,TON,285,14694,14757,244.9,245.95,32,1.07,0.3976,0.6091,981.5,1
FernRidgeRd_TON_12.03.25_LS,TON,540,31843,31884,530.71,531.39,29,0.7,0.3828,0.5974,526.3,1
FernRidgeRd_TON_12.03.25_LS,TON,494,30791,30857,513.18,514.28,52,1.12,0.4608,0.5893,357.5,1
FernRidgeRd_TON_12.03.25_LS,TON,280,14659,14706,244.31,245.1,24,0.8,0.3749,0.5873,826.3,1
FernRidgeRd_TON_12.03.25_LS,TON,535,31798,31835,529.96,530.58,20,0.63,0.4873,0.585,607.6,1
FernRidgeRd_TON_12.03.25_LS,TON,389,22999,23021,383.31,383.68,12,0.38,0.4107,0.5793,1590.7,1
FernRidgeRd_TON_12.03.25_LS,TON,515,31058,31206,517.63,520.09,147,2.48,0.4031,0.5689,344.9,1
FernRidgeRd_TON_12.03.25_LS,TON,132,6783,6805,113.05,113.42,19,0.38,0.3817,0.5085,668.2,1
FernRidgeRd_TON_12.03.25_LS,TON,85,4302,4335,71.7,72.25,21,0.57,0.4424,0.4983,492.0,1
FernRidgeRd_TON_12.03.25_LS,TON,404,24758,24773,412.63,412.88,16,0.27,0.5745,0.682,1708.2,0
FernRidgeRd_TON_12.03.25_LS,TON,176,8486,8499,141.43,141.65,11,0.23,0.5226,0.6294,971.1,0
FernRidgeRd_TON_12.03.25_LS,TON,207,11995,12006,199.91,200.1,12,0.2,0.5326,0.6222,1455.5,0
FernRidgeRd_TON_12.03.25_LS,TON,624,34655,34667,577.58,577.78,13,0.22,0.5016,0.5975,295.6,0
FernRidgeRd_TON_12.03.25_LS,TON,292,15102,15104,251.7,251.73,3,0.05,0.5931,0.5931,2430.8,0
FernRidgeRd_TON_12.03.25_LS,TON,91,4564,4566,76.07,76.1,3,0.05,0.5885,0.5885,957.5,0
FernRidgeRd_TON_12.03.25_LS,TON,573,33819,33835,563.64,563.91,13,0.28,0.4157,0.5502,556.0,0
FernRidgeRd_TON_12.03.25_LS,TON,246,13177,13177,219.61,219.61,1,0.02,0.5486,0.5486,2438.8,0
FernRidgeRd_TON_12.03.25_LS,TON,195,10911,10911,181.85,181.85,1,0.02,0.5391,0.5391,1709.5,0
FernRidgeRd_TON_12.03.25_LS,TON,202,11937,11948,198.95,199.13,9,0.2,0.4184,0.5299,1429.1,0
FernRidgeRd_TON_12.03.25_LS,TON,545,31930,31936,532.16,532.26,7,0.12,0.4842,0.5251,191.6,0
FernRidgeRd_TON_12.03.25_LS,TON,225,12542,12551,209.03,209.18,10,0.17,0.3847,0.5245,550.6,0
FernRidgeRd_TON_12.03.25_LS,TON,372,22383,22390,373.04,373.16,7,0.13,0.4861,0.5241,1211.2,0
FernRidgeRd_TON_12.03.25_LS,TON,460,28022,28022,467.03,467.03,1,0.02,0.523,0.523,706.2,0
FernRidgeRd_TON_12.03.25_LS,TON,493,30768,30783,512.79,513.04,15,0.27,0.4612,0.5217,367.5,0
FernRidgeRd_TON_12.03.25_LS,TON,487,30560,30565,509.33,509.41,6,0.1,0.4724,0.5216,1728.3,0
FernRidgeRd_TON_12.03.25_LS,TON,552,32013,32014,533.54,533.56,2,0.03,0.5164,0.5164,215.3,0
FernRidgeRd_TON_12.03.25_LS,TON,174,8443,8446,140.71,140.76,4,0.07,0.5159,0.5159,491.6,0
FernRidgeRd_TON_12.03.25_LS,TON,250,13587,13593,226.45,226.55,4,0.12,0.5129,0.5129,630.5,0
FernRidgeRd_TON_12.03.25_LS,TON,547,31967,31969,532.78,532.81,3,0.05,0.5102,0.5102,194.8,0
FernRidgeRd_TON_12.03.25_LS,TON,150,7828,7835,130.46,130.58,8,0.13,0.4061,0.5062,1034.3,0
FernRidgeRd_TON_12.03.25_LS,TON,254,14208,14220,236.8,237.0,7,0.22,0.4217,0.4983,1143.3,0
FernRidgeRd_TON_12.03.25_LS,TON,456,27986,27994,466.43,466.56,7,0.15,0.4632,0.4969,675.5,0
FernRidgeRd_TON_12.03.25_LS,TON,112,5340,5352,89.0,89.2,9,0.22,0.4487,0.4956,410.1,0
FernRidgeRd_TON_12.03.25_LS,TON,610,34249,34266,570.81,571.09,13,0.3,0.3704,0.4931,560.0,0
FernRidgeRd_TON_12.03.25_LS,TON,276,14650,14664,244.16,244.4,13,0.25,0.3244,0.4832,854.4,0
FernRidgeRd_TON_12.03.25_LS,TON,163,8075,8078,134.58,134.63,4,0.07,0.4788,0.4788,486.5,0
FernRidgeRd_TON_12.03.25_LS,TON,313,18722,18725,312.03,312.08,3,0.07,0.4728,0.4728,706.9,0
FernRidgeRd_TON_12.03.25_LS,TON,234,12828,12845,213.8,214.08,10,0.3,0.329,0.4724,706.2,0
FernRidgeRd_TON_12.03.25_LS,TON,455,27962,27964,466.03,466.06,3,0.05,0.4705,0.4705,806.2,0
FernRidgeRd_TON_12.03.25_LS,TON,145,7195,7195,119.92,119.92,1,0.02,0.4666,0.4666,965.9,0
FernRidgeRd_TON_12.03.25_LS,TON,481,29380,29387,489.66,489.78,8,0.13,0.3456,0.4618,536.2,0
FernRidgeRd_TON_12.03.25_LS,TON,496,30863,30872,514.38,514.53,10,0.17,0.4083,0.4618,424.3,0
FernRidgeRd_TON_12.03.25_LS,TON,467,28101,28110,468.34,468.49,9,0.17,0.3949,0.4614,477.8,0
FernRidgeRd_TON_12.03.25_LS,TON,449,27537,27542,458.94,459.03,6,0.1,0.4468,0.4595,630.9,0
FernRidgeRd_TON_12.03.25_LS,TON,264,14482,14486,241.36,241.43,5,0.08,0.4587,0.4587,1358.8,0
FernRidgeRd_TON_12.03.25_LS,TON,574,33864,33865,564.39,564.41,2,0.03,0.457,0.457,504.3,0
FernRidgeRd_TON_12.03.25_LS,TON,120,5781,5782,96.35,96.37,2,0.03,0.4554,0.4554,405.8,0
FernRidgeRd_TON_12.03.25_LS,TON,317,18767,18770,312.78,312.83,4,0.07,0.4553,0.4553,842.6,0
FernRidgeRd_TON_12.03.25_LS,TON,67,3409,3409,56.82,56.82,1,0.02,0.455,0.455,868.2,0
FernRidgeRd_TON_12.03.25_LS,TON,92,4595,4595,76.58,76.58,1,0.02,0.4448,0.4448,831.9,0
FernRidgeRd_TON_12.03.25_LS,TON,192,10765,10765,179.41,179.41,1,0.02,0.4426,0.4426,3011.3,0
FernRidgeRd_TON_12.03.25_LS,TON,203,11948,11948,199.13,199.13,1,0.02,0.4302,0.4302,2440.3,0
FernRidgeRd_TON_12.03.25_LS,TON,425,25312,25315,421.86,421.91,4,0.07,0.43,0.43,855.2,0
FernRidgeRd_TON_12.03.25_LS,TON,594,34168,34168,569.46,569.46,1,0.02,0.4286,0.4286,718.1,0
FernRidgeRd_TON_12.03.25_LS,TON,499,30891,30908,514.84,515.13,14,0.3,0.3268,0.428,386.2,0
FernRidgeRd_TON_12.03.25_LS,TON,221,12235,12239,203.91,203.98,5,0.08,0.4237,0.4237,2762.3,0
FernRidgeRd_TON_12.03.25_LS,TON,338,19678,19678,327.96,327.96,1,0.02,0.4207,0.4207,1014.3,0
FernRidgeRd_TON_12.03.25_LS,TON,80,4274,4276,71.23,71.27,3,0.05,0.4167,0.4167,531.4,0
FernRidgeRd_TON_12.03.25_LS,TON,257,14237,14241,237.28,237.35,5,0.08,0.4071,0.4071,1101.4,0
FernRidgeRd_TON_12.03.25_LS,TON,361,22026,22028,367.09,367.13,3,0.05,0.407,0.407,634.7,0
FernRidgeRd_TON_12.03.25_LS,TON,238,12919,12926,215.31,215.43,7,0.13,0.3453,0.4059,829.5,0
FernRidgeRd_TON_12.03.25_LS,TON,400,23635,23635,393.91,393.91,1,0.02,0.4019,0.4019,704.3,0
FernRidgeRd_TON_12.03.25_LS,TON,504,31036,31044,517.26,517.39,9,0.15,0.3621,0.391,346.8,0
FernRidgeRd_TON_12.03.25_LS,TON,310,18511,18512,308.51,308.53,2,0.03,0.3897,0.3897,838.4,0
FernRidgeRd_TON_12.03.25_LS,TON,220,12225,12230,203.75,203.83,6,0.1,0.3487,0.3873,863.6,0
FernRidgeRd_TON_12.03.25_LS,TON,341,19727,19727,328.78,328.78,1,0.02,0.3855,0.3855,765.0,0
FernRidgeRd_TON_12.03.25_LS,TON,165,8214,8221,136.9,137.01,6,0.13,0.3479,0.3844,493.0,0
FernRidgeRd_TON_12.03.25_LS,TON,261,14294,14315,238.23,238.58,7,0.37,0.3492,0.3824,680.3,0
FernRidgeRd_TON_12.03.25_LS,TON,394,23045,23046,384.08,384.09,2,0.03,0.376,0.376,3538.9,0
FernRidgeRd_TON_12.03.25_LS,TON,227,12644,12647,210.73,210.78,4,0.07,0.3749,0.3749,1055.9,0
FernRidgeRd_TON_12.03.25_LS,TON,278,14656,14660,244.26,244.33,5,0.08,0.3712,0.3712,838.9,0
FernRidgeRd_TON_12.03.25_LS,TON,233,12815,12822,213.58,213.7,8,0.13,0.2945,0.3702,842.1,0
FernRidgeRd_TON_12.03.25_LS,TON,267,14533,14540,242.21,242.33,7,0.13,0.3286,0.3671,880.7,0
FernRidgeRd_TON_12.03.25_LS,TON,273,14616,14619,243.6,243.65,4,0.07,0.365,0.365,733.9,0
FernRidgeRd_TON_12.03.25_LS,TON,616,34348,34348,572.46,572.46,1,0.02,0.3634,0.3634,926.3,0
FernRidgeRd_TON_12.03.25_LS,TON,69,3598,3599,59.97,59.98,2,0.03,0.3549,0.3549,1839.8,0
FernRidgeRd_TON_12.03.25_LS,TON,445,26431,26432,440.51,440.53,2,0.03,0.3507,0.3507,1061.8,0
FernRidgeRd_TON_12.03.25_LS,TON,598,34184,34185,569.73,569.74,2,0.03,0.3484,0.3484,632.7,0
FernRidgeRd_TON_12.03.25_LS,TON,541,31875,31877,531.24,531.28,3,0.05,0.3355,0.3355,3594.3,0
FernRidgeRd_TON_12.03.25_LS,TON,395,23094,23098,384.89,384.96,5,0.08,0.3324,0.3324,1435.6,0
FernRidgeRd_TON_12.03.25_LS,TON,502,30997,31010,516.61,516.83,14,0.23,0.2243,0.3275,372.3,0
FernRidgeRd_TON_12.03.25_LS,TON,329,19225,19227,320.41,320.45,3,0.05,0.3224,0.3224,1731.0,0
FernRidgeRd_TON_12.03.25_LS,TON,288,14887,14888,248.11,248.13,2,0.03,0.3211,0.3211,409.7,0
FernRidgeRd_TON_12.03.25_LS,TON,281,14661,14662,244.35,244.36,2,0.03,0.3106,0.3106,988.5,0
FernRidgeRd_TON_12.03.25_LS,TON,398,23322,23325,388.69,388.74,4,0.07,0.31,0.31,348.9,0
FernRidgeRd_TON_12.03.25_LS,TON,315,18728,18729,312.13,312.15,2,0.03,0.3082,0.3082,1615.2,0
FernRidgeRd_TON_12.03.25_LS,TON,64,3192,3193,53.2,53.22,2,0.03,0.2991,0.2991,685.8,0
FernRidgeRd_TON_12.03.25_LS,TON,618,34363,34368,572.71,572.79,6,0.1,0.2664,0.2977,938.3,0
FernRidgeRd_TON_12.03.25_LS,TON,84,4296,4300,71.6,71.67,5,0.08,0.2906,0.2906,535.4,0
FernRidgeRd_TON_12.03.25_LS,TON,363,22070,22071,367.83,367.84,2,0.03,0.2892,0.2892,797.9,0
FernRidgeRd_TON_12.03.25_LS,TON,65,3195,3197,53.25,53.28,3,0.05,0.2762,0.2762,726.4,0
FernRidgeRd_TON_12.03.25_LS,TON,59,3075,3081,51.25,51.35,7,0.12,0.2252,0.2654,577.7,0
FernRidgeRd_TON_12.03.25_LS,TON,457,28008,28009,466.79,466.81,2,0.03,0.2632,0.2632,580.3,0
FernRidgeRd_TON_12.03.25_LS,TON,435,25502,25503,425.03,425.04,2,0.03,0.252,0.252,1926.5,0
FernRidgeRd_TON_12.03.25_LS,TON,186,10686,10689,178.1,178.15,4,0.07,0.2448,0.2448,1097.1,0
FernRidgeRd_TON_12.03.25_LS,TON,410,24888,24891,414.79,414.84,4,0.07,0.2031,0.2031,501.8,0
N25thBlue_MAS_12.22.25_LS_V2,MAS,638,854,924,14.23,15.4,56,1.18,0.6455,0.7426,1006.5,1
N25thBlue_MAS_12.22.25_LS_V2,MAS,634,203,264,3.38,4.4,60,1.03,0.4512,0.671,675.5,1
N25thBlue_MAS_12.22.25_LS_V2,MAS,666,4669,4688,77.82,78.14,18,0.33,0.4518,0.6265,1187.6,1
N25thBlue_MAS_12.22.25_LS_V2,MAS,730,10980,11014,183.01,183.57,16,0.58,0.3881,0.5778,2024.4,1
N25thBlue_MAS_12.22.25_LS_V2,MAS,673,5876,5877,97.94,97.95,2,0.03,0.6978,0.6978,895.4,0
N25thBlue_MAS_12.22.25_LS_V2,MAS,802,16570,16570,276.18,276.18,1,0.02,0.6661,0.6661,1286.9,0
N25thBlue_MAS_12.22.25_LS_V2,MAS,772,15081,15081,251.36,251.36,1,0.02,0.6568,0.6568,868.9,0
N25thBlue_MAS_12.22.25_LS_V2,MAS,703,8136,8152,135.6,135.87,14,0.28,0.4649,0.6458,1530.7,0
N25thBlue_MAS_12.22.25_LS_V2,MAS,678,7095,7095,118.25,118.25,1,0.02,0.6425,0.6425,570.2,0
N25thBlue_MAS_12.22.25_LS_V2,MAS,762,14949,14949,249.16,249.16,1,0.02,0.635,0.635,1199.2,0
N25thBlue_MAS_12.22.25_LS_V2,MAS,769,15077,15077,251.29,251.29,1,0.02,0.6322,0.6322,1069.9,0
N25thBlue_MAS_12.22.25_LS_V2,MAS,650,1850,1854,30.83,30.9,5,0.08,0.6181,0.6181,909.6,0
N25thBlue_MAS_12.22.25_LS_V2,MAS,654,1937,1937,32.28,32.28,1,0.02,0.5968,0.5968,774.6,0
N25thBlue_MAS_12.22.25_LS_V2,MAS,728,10164,10164,169.41,169.41,1,0.02,0.5785,0.5785,2154.2,0
N25thBlue_MAS_12.22.25_LS_V2,MAS,664,4665,4665,77.75,77.75,1,0.02,0.5666,0.5666,1353.3,0
N25thBlue_MAS_12.22.25_LS_V2,MAS,863,22186,22193,369.78,369.9,7,0.13,0.4761,0.5657,750.9,0
N25thBlue_MAS_12.22.25_LS_V2,MAS,862,22174,22191,369.58,369.86,6,0.3,0.5093,0.5588,1326.2,0
N25thBlue_MAS_12.22.25_LS_V2,MAS,706,8177,8187,136.29,136.45,10,0.18,0.4162,0.5431,1270.5,0
N25thBlue_MAS_12.22.25_LS_V2,MAS,805,16584,16584,276.41,276.41,1,0.02,0.5387,0.5387,855.7,0
N25thBlue_MAS_12.22.25_LS_V2,MAS,712,8524,8524,142.07,142.07,1,0.02,0.528,0.528,1578.8,0
N25thBlue_MAS_12.22.25_LS_V2,MAS,865,22613,22625,376.9,377.1,11,0.22,0.3877,0.5252,1499.9,0
N25thBlue_MAS_12.22.25_LS_V2,MAS,814,16597,16597,276.63,276.63,1,0.02,0.4837,0.4837,1115.9,0
N25thBlue_MAS_12.22.25_LS_V2,MAS,743,11277,11277,187.96,187.96,1,0.02,0.4742,0.4742,1017.9,0
N25thBlue_MAS_12.22.25_LS_V2,MAS,741,11237,11239,187.29,187.32,3,0.05,0.4642,0.4642,2072.2,0
N25thBlue_MAS_12.22.25_LS_V2,MAS,729,10972,10972,182.87,182.87,1,0.02,0.4333,0.4333,1427.3,0
N25thBlue_MAS_12.22.25_LS_V2,MAS,848,18045,18046,300.76,300.78,2,0.03,0.4265,0.4265,1462.2,0
N25thBlue_MAS_12.22.25_LS_V2,MAS,899,24321,24329,405.36,405.5,9,0.15,0.2784,0.3629,1855.7,0
N25thBlue_MAS_12.22.25_LS_V2,MAS,890,23073,23074,384.56,384.58,2,0.03,0.2977,0.2977,1710.0,0
NIron_SHW_01.18.2026_LS,SHW,906,2322,2417,38.72,40.3,96,1.6,0.6421,0.8138,3079.2,1
NIron_SHW_01.18.2026_LS,SHW,913,2347,2427,39.13,40.47,74,1.35,0.5505,0.8058,2722.5,1
NIron_SHW_01.18.2026_LS,SHW,915,2348,2445,39.15,40.77,98,1.63,0.6716,0.7974,2148.5,1
NIron_SHW_01.18.2026_LS,SHW,918,2360,2432,39.35,40.55,72,1.22,0.6759,0.7845,2433.0,1
NIron_SHW_01.18.2026_LS,SHW,1285,25143,25202,419.24,420.23,57,1.0,0.6079,0.7457,1277.0,1
NIron_SHW_01.18.2026_LS,SHW,1021,6379,6402,106.37,106.75,24,0.4,0.512,0.7293,2350.9,1
NIron_SHW_01.18.2026_LS,SHW,949,3479,3520,58.01,58.69,37,0.7,0.4757,0.6803,3350.8,1
NIron_SHW_01.18.2026_LS,SHW,1447,34254,34289,571.16,571.75,35,0.6,0.5159,0.6307,1795.7,1
NIron_SHW_01.18.2026_LS,SHW,996,5795,5849,96.63,97.53,44,0.92,0.3915,0.6276,1073.0,1
NIron_SHW_01.18.2026_LS,SHW,1428,33078,33117,551.56,552.21,32,0.67,0.4185,0.6274,1923.7,1
NIron_SHW_01.18.2026_LS,SHW,907,2328,2374,38.82,39.59,30,0.78,0.4354,0.6056,1626.0,1
NIron_SHW_01.18.2026_LS,SHW,1326,28699,28758,478.54,479.52,27,1.0,0.4753,0.5986,1503.5,1
NIron_SHW_01.18.2026_LS,SHW,1325,28693,28740,478.44,479.22,34,0.8,0.4556,0.567,2406.9,1
NIron_SHW_01.18.2026_LS,SHW,1002,5826,5850,97.15,97.55,25,0.42,0.4141,0.5634,1247.6,1
NIron_SHW_01.18.2026_LS,SHW,1323,28685,28723,478.3,478.94,32,0.65,0.4092,0.5418,1217.0,1
NIron_SHW_01.18.2026_LS,SHW,999,5809,5847,96.86,97.5,37,0.65,0.4175,0.5406,1171.4,1
NIron_SHW_01.18.2026_LS,SHW,1099,11461,11488,191.11,191.56,18,0.47,0.379,0.512,1908.2,1
NIron_SHW_01.18.2026_LS,SHW,908,2335,2366,38.93,39.45,17,0.53,0.3667,0.5068,867.8,1
NIron_SHW_01.18.2026_LS,SHW,1320,28682,28701,478.25,478.57,10,0.33,0.3447,0.4233,1965.6,1
NIron_SHW_01.18.2026_LS,SHW,1026,6429,6445,107.2,107.47,17,0.28,0.5694,0.7185,1518.6,0
NIron_SHW_01.18.2026_LS,SHW,1113,15152,15153,252.65,252.67,2,0.03,0.6633,0.6633,3086.9,0
NIron_SHW_01.18.2026_LS,SHW,1420,32834,32834,547.49,547.49,1,0.02,0.6402,0.6402,1946.6,0
NIron_SHW_01.18.2026_LS,SHW,1419,32828,32829,547.39,547.4,2,0.03,0.6383,0.6383,1618.9,0
NIron_SHW_01.18.2026_LS,SHW,1361,31608,31620,527.04,527.24,13,0.22,0.541,0.6319,2542.4,0
NIron_SHW_01.18.2026_LS,SHW,1388,32466,32466,541.35,541.35,1,0.02,0.6125,0.6125,912.7,0
NIron_SHW_01.18.2026_LS,SHW,955,3492,3501,58.23,58.38,9,0.17,0.5164,0.5864,2456.1,0
NIron_SHW_01.18.2026_LS,SHW,1416,32824,32824,547.32,547.32,1,0.02,0.575,0.575,1740.4,0
NIron_SHW_01.18.2026_LS,SHW,1440,33371,33371,556.44,556.44,1,0.02,0.5723,0.5723,574.2,0
NIron_SHW_01.18.2026_LS,SHW,1008,5858,5858,97.68,97.68,1,0.02,0.556,0.556,788.4,0
NIron_SHW_01.18.2026_LS,SHW,1064,9783,9783,163.13,163.13,1,0.02,0.5323,0.5323,1472.3,0
NIron_SHW_01.18.2026_LS,SHW,1128,17014,17016,283.7,283.73,3,0.05,0.5221,0.5221,1757.7,0
NIron_SHW_01.18.2026_LS,SHW,1017,5920,5933,98.71,98.93,14,0.23,0.3984,0.506,820.6,0
NIron_SHW_01.18.2026_LS,SHW,921,2383,2383,39.74,39.74,1,0.02,0.5054,0.5054,1086.2,0
NIron_SHW_01.18.2026_LS,SHW,970,3797,3797,63.31,63.31,1,0.02,0.5053,0.5053,807.8,0
NIron_SHW_01.18.2026_LS,SHW,1329,28723,28723,478.94,478.94,1,0.02,0.4914,0.4914,1278.8,0
NIron_SHW_01.18.2026_LS,SHW,1439,33365,33365,556.34,556.34,1,0.02,0.4664,0.4664,498.7,0
NIron_SHW_01.18.2026_LS,SHW,1040,8781,8784,146.42,146.47,3,0.07,0.4585,0.4585,2072.7,0
NIron_SHW_01.18.2026_LS,SHW,1380,32099,32099,535.23,535.23,1,0.02,0.4536,0.4536,1723.8,0
NIron_SHW_01.18.2026_LS,SHW,1020,6373,6374,106.27,106.28,2,0.03,0.4463,0.4463,966.9,0
NIron_SHW_01.18.2026_LS,SHW,993,5790,5790,96.54,96.54,1,0.02,0.4342,0.4342,468.6,0
NIron_SHW_01.18.2026_LS,SHW,1050,9347,9349,155.86,155.89,3,0.05,0.4191,0.4191,1540.0,0
NIron_SHW_01.18.2026_LS,SHW,1333,28753,28761,479.44,479.57,5,0.15,0.4098,0.4098,882.7,0
NIron_SHW_01.18.2026_LS,SHW,1432,33111,33116,552.11,552.19,6,0.1,0.3691,0.4085,1906.9,0
NIron_SHW_01.18.2026_LS,SHW,1009,5859,5875,97.7,97.96,7,0.28,0.3488,0.4066,865.7,0
NIron_SHW_01.18.2026_LS,SHW,928,2428,2433,40.49,40.57,6,0.1,0.3494,0.396,2422.1,0
NIron_SHW_01.18.2026_LS,SHW,1069,9800,9801,163.41,163.43,2,0.03,0.3945,0.3945,915.0,0
NIron_SHW_01.18.2026_LS,SHW,1257,23709,23709,395.33,395.33,1,0.02,0.3892,0.3892,1211.3,0
NIron_SHW_01.18.2026_LS,SHW,1357,31226,31227,520.67,520.69,2,0.03,0.3848,0.3848,1187.4,0
NIron_SHW_01.18.2026_LS,SHW,1059,9726,9727,162.18,162.19,2,0.03,0.3596,0.3596,2125.1,0
NIron_SHW_01.18.2026_LS,SHW,1423,33001,33005,550.27,550.34,5,0.08,0.345,0.345,2156.2,0
NIron_SHW_01.18.2026_LS,SHW,1041,8921,8922,148.75,148.77,2,0.03,0.3431,0.3431,1206.6,0
NIron_SHW_01.18.2026_LS,SHW,1302,26877,26879,448.16,448.19,3,0.05,0.3308,0.3308,992.1,0
NIron_SHW_01.18.2026_LS,SHW,1013,5866,5869,97.81,97.86,4,0.07,0.2581,0.2581,986.7,0
NShelbyRd(green)_SHB_12.11.2025,SHB,1473,708,735,11.82,12.27,24,0.47,0.5829,0.7011,417.9,1
NShelbyRd(green)_SHB_12.11.2025,SHB,1461,581,623,9.7,10.4,18,0.72,0.4296,0.6458,1227.6,1
NShelbyRd(green)_SHB_12.11.2025,SHB,1487,1067,1088,17.82,18.17,14,0.37,0.4866,0.5754,787.8,1
NShelbyRd(green)_SHB_12.11.2025,SHB,1465,661,693,11.04,11.57,10,0.55,0.3392,0.4376,616.8,1
NShelbyRd(green)_SHB_12.11.2025,SHB,1491,1104,1136,18.43,18.97,10,0.55,0.3067,0.4231,589.2,1
NShelbyRd(green)_SHB_12.11.2025,SHB,1483,987,1002,16.48,16.73,15,0.27,0.4135,0.4927,775.5,0
NShelbyRd(green)_SHB_12.11.2025,SHB,1481,910,918,15.2,15.33,6,0.15,0.468,0.4849,471.7,0
NShelbyRd(green)_SHB_12.11.2025,SHB,1474,746,746,12.46,12.46,1,0.02,0.4764,0.4764,717.8,0
NShelbyRd(green)_SHB_12.11.2025,SHB,1476,759,771,12.67,12.87,9,0.22,0.3448,0.4293,367.3,0
NShelbyRd(green)_SHB_12.11.2025,SHB,1498,1210,1217,20.2,20.32,8,0.13,0.3762,0.4133,949.7,0
NShelbyRd(green)_SHB_12.11.2025,SHB,1493,1147,1150,19.15,19.2,4,0.07,0.3723,0.3723,1138.4,0
NShelbyRd(green)_SHB_12.11.2025,SHB,1482,951,955,15.88,15.95,5,0.08,0.2825,0.2825,648.8,0
NatureTrail_TON_12.03.25_LS,TON,1674,9504,9584,158.47,159.8,52,1.35,0.5064,0.6832,786.0,1
NatureTrail_TON_12.03.25_LS,TON,1598,2718,2741,45.32,45.7,23,0.4,0.4968,0.6815,879.4,1
NatureTrail_TON_12.03.25_LS,TON,1589,2681,2762,44.7,46.05,43,1.37,0.5112,0.6777,1092.7,1
NatureTrail_TON_12.03.25_LS,TON,1592,2696,2756,44.95,45.95,57,1.02,0.4452,0.6563,1285.9,1
NatureTrail_TON_12.03.25_LS,TON,1664,8294,8368,138.3,139.53,50,1.25,0.5142,0.6435,712.2,1
NatureTrail_TON_12.03.25_LS,TON,1624,2813,2827,46.9,47.14,15,0.25,0.6264,0.7356,1481.0,0
NatureTrail_TON_12.03.25_LS,TON,1631,2842,2854,47.39,47.59,13,0.22,0.5556,0.6937,950.1,0
NatureTrail_TON_12.03.25_LS,TON,1746,17277,17285,288.08,288.21,8,0.15,0.4758,0.5549,642.7,0
NatureTrail_TON_12.03.25_LS,TON,1717,11499,11499,191.74,191.74,1,0.02,0.5524,0.5524,390.7,0
NatureTrail_TON_12.03.25_LS,TON,1617,2785,2788,46.44,46.49,4,0.07,0.5476,0.5476,1069.8,0
NatureTrail_TON_12.03.25_LS,TON,1705,11469,11473,191.24,191.3,5,0.08,0.5335,0.5335,683.7,0
NatureTrail_TON_12.03.25_LS,TON,1653,7418,7421,123.69,123.74,4,0.07,0.5282,0.5282,517.4,0
NatureTrail_TON_12.03.25_LS,TON,1739,17242,17250,287.5,287.63,9,0.15,0.4339,0.5085,573.6,0
NatureTrail_TON_12.03.25_LS,TON,1725,16997,16997,283.41,283.41,1,0.02,0.5045,0.5045,881.4,0
NatureTrail_TON_12.03.25_LS,TON,1607,2750,2761,45.85,46.04,10,0.2,0.3435,0.4718,1188.2,0
NatureTrail_TON_12.03.25_LS,TON,1737,17237,17238,287.41,287.43,2,0.03,0.4694,0.4694,597.2,0
NatureTrail_TON_12.03.25_LS,TON,1736,17194,17214,286.7,287.03,7,0.35,0.4129,0.4682,665.1,0
NatureTrail_TON_12.03.25_LS,TON,1687,10063,10073,167.79,167.96,11,0.18,0.407,0.4678,675.9,0
NatureTrail_TON_12.03.25_LS,TON,1628,2824,2826,47.09,47.12,3,0.05,0.4667,0.4667,573.8,0
NatureTrail_TON_12.03.25_LS,TON,1676,9890,9890,164.91,164.91,1,0.02,0.4596,0.4596,481.8,0
NatureTrail_TON_12.03.25_LS,TON,1726,17000,17001,283.46,283.48,2,0.03,0.4509,0.4509,777.6,0
NatureTrail_TON_12.03.25_LS,TON,1712,11486,11489,191.52,191.57,3,0.07,0.4324,0.4324,765.5,0
NatureTrail_TON_12.03.25_LS,TON,1690,10119,10120,168.73,168.74,2,0.03,0.4319,0.4319,836.5,0
NatureTrail_TON_12.03.25_LS,TON,1645,4483,4493,74.75,74.92,3,0.18,0.4197,0.4197,656.9,0
NatureTrail_TON_12.03.25_LS,TON,1620,2802,2804,46.72,46.75,3,0.05,0.4088,0.4088,1023.2,0
NatureTrail_TON_12.03.25_LS,TON,1619,2790,2790,46.52,46.52,1,0.02,0.388,0.388,1158.0,0
NatureTrail_TON_12.03.25_LS,TON,1694,10289,10303,171.56,171.79,9,0.25,0.2904,0.3726,896.6,0
NatureTrail_TON_12.03.25_LS,TON,1608,2754,2763,45.92,46.07,5,0.17,0.3282,0.3282,1220.3,0
NatureTrail_TON_12.03.25_LS,TON,1689,10081,10082,168.09,168.11,2,0.03,0.3038,0.3038,684.8,0
NatureTrail_TON_12.03.25_LS,TON,1748,17293,17295,288.35,288.38,3,0.05,0.2963,0.2963,464.0,0
NatureTrail_TON_12.03.25_LS,TON,1671,9149,9150,152.55,152.57,2,0.03,0.2946,0.2946,454.6,0
NatureTrail_TON_12.03.25_LS,TON,1691,10204,10208,170.14,170.21,5,0.08,0.2346,0.2346,748.3,0
NatureTrail_TON_12.03.25_LS,TON,1655,7532,7536,125.59,125.66,5,0.08,0.2249,0.2249,424.5,0
NatureTrail_TON_12.03.25_LS,TON,1672,9230,9233,153.9,153.95,4,0.07,0.1861,0.1861,673.9,0
SHog_SHW_01.18.2026_LS,SHW,1853,8714,8772,145.27,146.23,51,0.98,0.7352,0.8297,4727.4,1
SHog_SHW_01.18.2026_LS,SHW,1808,5124,5208,85.42,86.82,85,1.42,0.7334,0.8055,1520.1,1
SHog_SHW_01.18.2026_LS,SHW,1807,5120,5201,85.35,86.7,82,1.37,0.7255,0.8018,2132.8,1
SHog_SHW_01.18.2026_LS,SHW,1847,8567,8615,142.82,143.62,39,0.82,0.6404,0.7738,1149.4,1
SHog_SHW_01.18.2026_LS,SHW,1784,4692,4710,78.22,78.52,19,0.32,0.4473,0.5645,808.4,1
SHog_SHW_01.18.2026_LS,SHW,1880,10643,10643,177.42,177.42,1,0.02,0.7156,0.7156,2927.1,0
SHog_SHW_01.18.2026_LS,SHW,1835,7147,7147,119.14,119.14,1,0.02,0.6483,0.6483,1263.9,0
SHog_SHW_01.18.2026_LS,SHW,1952,15080,15081,251.39,251.41,2,0.03,0.6464,0.6464,2828.9,0
SHog_SHW_01.18.2026_LS,SHW,1765,3151,3151,52.53,52.53,1,0.02,0.6152,0.6152,3104.3,0
SHog_SHW_01.18.2026_LS,SHW,1906,10882,10882,181.41,181.41,1,0.02,0.6009,0.6009,1983.8,0
SHog_SHW_01.18.2026_LS,SHW,1787,4712,4712,78.55,78.55,1,0.02,0.5861,0.5861,521.6,0
SHog_SHW_01.18.2026_LS,SHW,1870,10485,10486,174.79,174.81,2,0.03,0.5671,0.5671,3819.5,0
SHog_SHW_01.18.2026_LS,SHW,1896,10825,10825,180.46,180.46,1,0.02,0.5496,0.5496,1662.6,0
SHog_SHW_01.18.2026_LS,SHW,1775,3962,3963,66.05,66.07,2,0.03,0.5373,0.5373,2320.8,0
SHog_SHW_01.18.2026_LS,SHW,1930,11613,11616,193.59,193.64,3,0.07,0.49,0.49,710.9,0
SHog_SHW_01.18.2026_LS,SHW,1971,15500,15500,258.39,258.39,1,0.02,0.4896,0.4896,445.7,0
SHog_SHW_01.18.2026_LS,SHW,1881,10644,10645,177.44,177.46,2,0.03,0.4878,0.4878,4578.1,0
SHog_SHW_01.18.2026_LS,SHW,1914,10910,10915,181.87,181.96,6,0.1,0.4624,0.4876,1082.5,0
SHog_SHW_01.18.2026_LS,SHW,1813,5659,5664,94.34,94.42,6,0.1,0.4288,0.4874,2057.1,0
SHog_SHW_01.18.2026_LS,SHW,1844,8528,8531,142.17,142.22,4,0.07,0.4809,0.4809,995.2,0
SHog_SHW_01.18.2026_LS,SHW,1793,4719,4719,78.67,78.67,1,0.02,0.4792,0.4792,600.8,0
SHog_SHW_01.18.2026_LS,SHW,1871,10486,10486,174.81,174.81,1,0.02,0.4711,0.4711,1875.8,0
SHog_SHW_01.18.2026_LS,SHW,1919,10925,10926,182.12,182.14,2,0.03,0.4634,0.4634,3140.5,0
SHog_SHW_01.18.2026_LS,SHW,1902,10867,10867,181.16,181.16,1,0.02,0.4576,0.4576,3825.9,0
SHog_SHW_01.18.2026_LS,SHW,1898,10836,10837,180.64,180.66,2,0.03,0.4566,0.4566,1985.4,0
SHog_SHW_01.18.2026_LS,SHW,1937,12467,12468,207.83,207.85,2,0.03,0.4374,0.4374,1574.2,0
SHog_SHW_01.18.2026_LS,SHW,1926,11411,11411,190.23,190.23,1,0.02,0.4332,0.4332,628.8,0
SHog_SHW_01.18.2026_LS,SHW,1771,3489,3491,58.16,58.2,3,0.05,0.4324,0.4324,2805.0,0
SHog_SHW_01.18.2026_LS,SHW,1904,10880,10880,181.37,181.37,1,0.02,0.4289,0.4289,6836.0,0
SHog_SHW_01.18.2026_LS,SHW,1913,10905,10909,181.79,181.86,5,0.08,0.4233,0.4233,1056.9,0
SHog_SHW_01.18.2026_LS,SHW,1956,15108,15114,251.86,251.96,6,0.12,0.3721,0.4168,617.6,0
SHog_SHW_01.18.2026_LS,SHW,1963,15433,15434,257.28,257.29,2,0.03,0.4148,0.4148,563.4,0
SHog_SHW_01.18.2026_LS,SHW,1892,10790,10794,179.87,179.94,5,0.08,0.403,0.403,3853.7,0
SHog_SHW_01.18.2026_LS,SHW,1900,10855,10860,180.96,181.04,2,0.1,0.3944,0.3944,6687.3,0
SHog_SHW_01.18.2026_LS,SHW,1806,4828,4834,80.48,80.59,3,0.12,0.3906,0.3906,1433.7,0
SHog_SHW_01.18.2026_LS,SHW,1888,10754,10754,179.27,179.27,1,0.02,0.3838,0.3838,4868.3,0
SHog_SHW_01.18.2026_LS,SHW,1889,10764,10766,179.44,179.47,3,0.05,0.3689,0.3689,6257.4,0
SHog_SHW_01.18.2026_LS,SHW,1885,10688,10691,178.17,178.22,4,0.07,0.3633,0.3633,12417.7,0
SHog_SHW_01.18.2026_LS,SHW,1851,8626,8630,143.8,143.87,5,0.08,0.3387,0.3387,533.0,0
SHog_SHW_01.18.2026_LS,SHW,1782,4680,4686,78.02,78.12,6,0.12,0.3044,0.3286,802.8,0
UpperRichland_SHW_01.18.2026_LS,SHW,1997,196,196,3.28,3.28,1,0.02,0.4652,0.4652,1714.6,0
UpperRichland_SHW_01.18.2026_LS,SHW,2008,1848,1849,30.95,30.97,2,0.03,0.4573,0.4573,1973.1,0
UpperRichland_SHW_01.18.2026_LS,SHW,2009,2778,2779,46.53,46.55,2,0.03,0.3956,0.3956,1672.1,0
UpperRichland_SHW_01.18.2026_LS,SHW,2003,1781,1789,29.83,29.97,7,0.15,0.3019,0.3621,1870.7,0
